"","id","ano","mes","aisp","homicidios","lesao_morte","latrocinio","tent_homicidio","estupro","roubo_onibus","roubo_veiculos","furto_veiculos","uso_porte_drogas","date"
"1",1,2014,1,"AISP 06 - Brotas ",5,0,0,3,2,39,53,13,9,2014-01-15
"2",2,2014,1,"AISP 07 - Rio Vermelho ",2,0,0,0,2,8,20,3,8,2014-01-15
"3",3,2014,1,"AISP 09 - Boca do Rio ",0,0,0,0,4,4,47,4,0,2014-01-15
"4",4,2014,1,"AISP 12 - Itapuã ",14,0,0,3,4,20,76,31,14,2014-01-15
"5",5,2014,1,"AISP 14 - Barra ",1,0,0,0,0,1,7,2,11,2014-01-15
"6",6,2014,1,"AISP 15 - Nordeste ",2,0,0,0,1,9,2,1,2,2014-01-15
"7",7,2014,1,"AISP 16 - Pituba ",0,0,0,0,0,4,22,4,4,2014-01-15
"8",8,2014,1,"AISP 01 - Barris ",3,0,0,6,1,4,27,8,12,2014-01-15
"9",9,2014,1,"AISP 02 - Liberdade ",4,1,1,7,1,3,34,17,5,2014-01-15
"10",10,2014,1,"AISP 03 - Bonfim ",9,0,0,4,6,10,26,23,1,2014-01-15
"11",11,2014,1,"AISP 04 - São Caetano ",10,0,1,1,4,20,44,5,2,2014-01-15
"12",12,2014,1,"AISP 05 - Periperi ",22,0,0,10,11,11,30,6,2,2014-01-15
"13",13,2014,1,"AISP 08 - CIA ",2,0,0,0,0,0,9,0,0,2014-01-15
"14",14,2014,1,"AISP 10 - Pau da Lima ",9,0,0,7,1,12,43,4,1,2014-01-15
"15",15,2014,1,"AISP 11 - Tancredo Neves ",24,0,0,12,8,25,51,16,4,2014-01-15
"16",16,2014,1,"AISP 13 - Cajazeiras ",7,0,0,6,7,8,10,1,0,2014-01-15
"17",17,2014,2,"AISP 06 - Brotas ",8,0,0,12,0,22,58,18,3,2014-02-15
"18",18,2014,2,"AISP 07 - Rio Vermelho ",2,0,0,4,0,8,23,8,52,2014-02-15
"19",19,2014,2,"AISP 09 - Boca do Rio ",0,0,0,3,0,3,34,5,2,2014-02-15
"20",20,2014,2,"AISP 12 - Itapuã ",16,0,0,14,7,14,67,25,18,2014-02-15
"21",21,2014,2,"AISP 14 - Barra ",1,0,0,0,0,3,3,4,0,2014-02-15
"22",22,2014,2,"AISP 15 - Nordeste ",1,0,0,0,1,4,0,0,2,2014-02-15
"23",23,2014,2,"AISP 16 - Pituba ",0,0,0,0,1,9,18,4,0,2014-02-15
"24",24,2014,2,"AISP 01 - Barris ",2,0,0,0,1,8,24,15,20,2014-02-15
"25",25,2014,2,"AISP 02 - Liberdade ",10,0,0,3,5,7,44,22,3,2014-02-15
"26",26,2014,2,"AISP 03 - Bonfim ",4,0,1,2,1,6,30,20,4,2014-02-15
"27",27,2014,2,"AISP 04 - São Caetano ",8,0,0,0,4,17,29,5,5,2014-02-15
"28",28,2014,2,"AISP 05 - Periperi ",22,1,0,15,8,16,27,1,1,2014-02-15
"29",29,2014,2,"AISP 08 - CIA ",5,0,0,2,2,0,7,1,1,2014-02-15
"30",30,2014,2,"AISP 10 - Pau da Lima ",4,0,0,3,3,13,35,16,1,2014-02-15
"31",31,2014,2,"AISP 11 - Tancredo Neves ",25,2,1,14,9,18,49,21,8,2014-02-15
"32",32,2014,2,"AISP 13 - Cajazeiras ",11,0,0,6,2,1,18,3,0,2014-02-15
"33",33,2014,3,"AISP 06 - Brotas ",9,0,0,7,4,20,44,20,1,2014-03-15
"34",34,2014,3,"AISP 07 - Rio Vermelho ",1,0,1,3,1,13,24,9,20,2014-03-15
"35",35,2014,3,"AISP 09 - Boca do Rio ",2,0,0,3,1,5,49,4,1,2014-03-15
"36",36,2014,3,"AISP 12 - Itapuã ",10,0,1,2,5,16,66,31,15,2014-03-15
"37",37,2014,3,"AISP 14 - Barra ",0,0,0,0,1,3,10,2,3,2014-03-15
"38",38,2014,3,"AISP 15 - Nordeste ",0,0,0,4,1,5,1,0,1,2014-03-15
"39",39,2014,3,"AISP 16 - Pituba ",1,0,0,0,0,9,33,1,3,2014-03-15
"40",40,2014,3,"AISP 01 - Barris ",5,0,0,2,4,6,25,12,2,2014-03-15
"41",41,2014,3,"AISP 02 - Liberdade ",11,0,0,6,3,17,51,10,6,2014-03-15
"42",42,2014,3,"AISP 03 - Bonfim ",5,0,0,6,1,9,43,12,6,2014-03-15
"43",43,2014,3,"AISP 04 - São Caetano ",14,0,0,2,2,19,44,11,2,2014-03-15
"44",44,2014,3,"AISP 05 - Periperi ",27,0,0,13,9,4,29,9,5,2014-03-15
"45",45,2014,3,"AISP 08 - CIA ",3,0,0,0,0,0,8,1,0,2014-03-15
"46",46,2014,3,"AISP 10 - Pau da Lima ",12,1,0,1,4,18,53,17,2,2014-03-15
"47",47,2014,3,"AISP 11 - Tancredo Neves ",21,0,2,17,10,19,70,18,3,2014-03-15
"48",48,2014,3,"AISP 13 - Cajazeiras ",10,0,0,11,8,3,11,4,3,2014-03-15
"49",49,2014,4,"AISP 06 - Brotas ",10,0,0,5,1,19,61,16,7,2014-04-15
"50",50,2014,4,"AISP 07 - Rio Vermelho ",0,0,0,0,4,7,29,3,2,2014-04-15
"51",51,2014,4,"AISP 09 - Boca do Rio ",2,0,0,1,1,4,64,5,2,2014-04-15
"52",52,2014,4,"AISP 12 - Itapuã ",19,0,2,3,5,19,90,24,9,2014-04-15
"53",53,2014,4,"AISP 14 - Barra ",0,1,0,0,0,2,12,3,1,2014-04-15
"54",54,2014,4,"AISP 15 - Nordeste ",1,0,0,0,1,2,3,0,3,2014-04-15
"55",55,2014,4,"AISP 16 - Pituba ",0,0,0,5,1,8,35,3,1,2014-04-15
"56",56,2014,4,"AISP 01 - Barris ",10,0,0,3,3,8,28,9,10,2014-04-15
"57",57,2014,4,"AISP 02 - Liberdade ",14,1,0,5,4,16,74,21,1,2014-04-15
"58",58,2014,4,"AISP 03 - Bonfim ",13,1,0,5,0,20,51,17,4,2014-04-15
"59",59,2014,4,"AISP 04 - São Caetano ",17,0,0,2,3,10,49,10,5,2014-04-15
"60",60,2014,4,"AISP 05 - Periperi ",34,0,0,18,3,13,32,3,4,2014-04-15
"61",61,2014,4,"AISP 08 - CIA ",9,0,0,0,1,0,20,1,0,2014-04-15
"62",62,2014,4,"AISP 10 - Pau da Lima ",18,0,1,9,5,10,43,15,2,2014-04-15
"63",63,2014,4,"AISP 11 - Tancredo Neves ",16,0,0,15,2,34,68,15,4,2014-04-15
"64",64,2014,4,"AISP 13 - Cajazeiras ",14,1,0,5,4,5,27,6,0,2014-04-15
"65",65,2014,5,"AISP 06 - Brotas ",3,0,1,1,2,23,48,14,10,2014-05-15
"66",66,2014,5,"AISP 07 - Rio Vermelho ",1,0,0,3,1,2,18,5,1,2014-05-15
"67",67,2014,5,"AISP 09 - Boca do Rio ",3,0,0,1,2,5,41,6,1,2014-05-15
"68",68,2014,5,"AISP 12 - Itapuã ",8,1,1,5,9,5,72,13,9,2014-05-15
"69",69,2014,5,"AISP 14 - Barra ",0,0,0,0,1,1,5,3,3,2014-05-15
"70",70,2014,5,"AISP 15 - Nordeste ",2,0,0,0,2,6,1,1,4,2014-05-15
"71",71,2014,5,"AISP 16 - Pituba ",1,0,0,0,1,11,44,4,1,2014-05-15
"72",72,2014,5,"AISP 01 - Barris ",3,0,0,1,1,5,22,7,8,2014-05-15
"73",73,2014,5,"AISP 02 - Liberdade ",20,0,1,5,3,6,50,16,18,2014-05-15
"74",74,2014,5,"AISP 03 - Bonfim ",9,0,0,4,1,10,26,15,1,2014-05-15
"75",75,2014,5,"AISP 04 - São Caetano ",15,0,1,1,9,9,40,3,5,2014-05-15
"76",76,2014,5,"AISP 05 - Periperi ",13,0,1,22,5,1,35,3,0,2014-05-15
"77",77,2014,5,"AISP 08 - CIA ",0,0,0,0,1,0,16,3,0,2014-05-15
"78",78,2014,5,"AISP 10 - Pau da Lima ",7,0,0,4,3,12,37,21,0,2014-05-15
"79",79,2014,5,"AISP 11 - Tancredo Neves ",16,0,0,11,7,21,57,24,6,2014-05-15
"80",80,2014,5,"AISP 13 - Cajazeiras ",6,0,0,7,3,3,26,7,0,2014-05-15
"81",81,2014,6,"AISP 06 - Brotas ",3,0,0,4,3,15,25,7,5,2014-06-15
"82",82,2014,6,"AISP 07 - Rio Vermelho ",1,0,0,0,3,9,16,4,4,2014-06-15
"83",83,2014,6,"AISP 09 - Boca do Rio ",1,0,0,1,1,8,35,9,1,2014-06-15
"84",84,2014,6,"AISP 12 - Itapuã ",12,0,0,3,3,11,50,23,13,2014-06-15
"85",85,2014,6,"AISP 14 - Barra ",0,0,0,0,0,3,5,4,2,2014-06-15
"86",86,2014,6,"AISP 15 - Nordeste ",2,0,0,0,2,3,1,1,1,2014-06-15
"87",87,2014,6,"AISP 16 - Pituba ",1,0,0,0,2,6,16,4,16,2014-06-15
"88",88,2014,6,"AISP 01 - Barris ",1,1,0,0,2,10,11,15,12,2014-06-15
"89",89,2014,6,"AISP 02 - Liberdade ",13,0,0,10,4,4,41,9,5,2014-06-15
"90",90,2014,6,"AISP 03 - Bonfim ",12,0,0,6,4,12,26,13,5,2014-06-15
"91",91,2014,6,"AISP 04 - São Caetano ",8,1,0,1,4,10,14,7,2,2014-06-15
"92",92,2014,6,"AISP 05 - Periperi ",14,1,1,12,4,3,48,8,1,2014-06-15
"93",93,2014,6,"AISP 08 - CIA ",1,0,0,1,1,1,14,3,0,2014-06-15
"94",94,2014,6,"AISP 10 - Pau da Lima ",7,0,1,4,2,22,29,10,1,2014-06-15
"95",95,2014,6,"AISP 11 - Tancredo Neves ",13,0,0,10,5,39,51,19,5,2014-06-15
"96",96,2014,6,"AISP 13 - Cajazeiras ",8,0,0,8,2,2,25,6,1,2014-06-15
"97",97,2014,7,"AISP 06 - Brotas ",5,0,1,0,1,15,47,9,6,2014-07-15
"98",98,2014,7,"AISP 07 - Rio Vermelho ",2,0,0,0,2,9,19,4,2,2014-07-15
"99",99,2014,7,"AISP 09 - Boca do Rio ",0,1,0,0,1,3,50,2,1,2014-07-15
"100",100,2014,7,"AISP 12 - Itapuã ",7,0,1,3,5,3,74,16,15,2014-07-15
"101",101,2014,7,"AISP 14 - Barra ",0,0,0,0,0,0,10,2,3,2014-07-15
"102",102,2014,7,"AISP 15 - Nordeste ",0,0,0,0,1,2,3,1,1,2014-07-15
"103",103,2014,7,"AISP 16 - Pituba ",0,0,0,1,0,7,30,2,0,2014-07-15
"104",104,2014,7,"AISP 01 - Barris ",1,0,0,1,3,6,21,3,10,2014-07-15
"105",105,2014,7,"AISP 02 - Liberdade ",14,1,0,6,5,3,39,17,4,2014-07-15
"106",106,2014,7,"AISP 03 - Bonfim ",9,0,0,5,2,4,29,22,8,2014-07-15
"107",107,2014,7,"AISP 04 - São Caetano ",3,0,2,0,6,12,30,4,4,2014-07-15
"108",108,2014,7,"AISP 05 - Periperi ",10,0,1,7,5,8,28,6,12,2014-07-15
"109",109,2014,7,"AISP 08 - CIA ",0,0,0,2,1,1,9,3,1,2014-07-15
"110",110,2014,7,"AISP 10 - Pau da Lima ",5,1,1,3,4,17,62,14,7,2014-07-15
"111",111,2014,7,"AISP 11 - Tancredo Neves ",18,0,0,10,13,35,50,20,6,2014-07-15
"112",112,2014,7,"AISP 13 - Cajazeiras ",6,0,0,8,3,1,23,5,2,2014-07-15
"113",113,2014,8,"AISP 06 - Brotas ",8,0,0,0,1,4,42,10,10,2014-08-15
"114",114,2014,8,"AISP 07 - Rio Vermelho ",2,0,1,0,1,10,22,8,5,2014-08-15
"115",115,2014,8,"AISP 09 - Boca do Rio ",0,0,1,2,1,2,43,4,0,2014-08-15
"116",116,2014,8,"AISP 12 - Itapuã ",18,0,1,5,2,22,62,9,10,2014-08-15
"117",117,2014,8,"AISP 14 - Barra ",0,0,0,0,0,2,1,1,1,2014-08-15
"118",118,2014,8,"AISP 15 - Nordeste ",0,0,0,0,1,10,1,0,1,2014-08-15
"119",119,2014,8,"AISP 16 - Pituba ",0,0,0,0,0,9,38,2,2,2014-08-15
"120",120,2014,8,"AISP 01 - Barris ",2,0,1,1,1,8,22,13,6,2014-08-15
"121",121,2014,8,"AISP 02 - Liberdade ",4,0,0,3,2,3,38,17,6,2014-08-15
"122",122,2014,8,"AISP 03 - Bonfim ",4,0,2,2,1,4,27,14,4,2014-08-15
"123",123,2014,8,"AISP 04 - São Caetano ",10,1,1,4,4,25,22,3,7,2014-08-15
"124",124,2014,8,"AISP 05 - Periperi ",22,1,1,10,7,10,26,8,3,2014-08-15
"125",125,2014,8,"AISP 08 - CIA ",1,0,0,0,0,1,8,3,1,2014-08-15
"126",126,2014,8,"AISP 10 - Pau da Lima ",9,0,0,8,1,11,53,17,5,2014-08-15
"127",127,2014,8,"AISP 11 - Tancredo Neves ",11,0,0,8,10,22,47,12,12,2014-08-15
"128",128,2014,8,"AISP 13 - Cajazeiras ",4,0,0,3,2,7,20,4,3,2014-08-15
"129",129,2014,9,"AISP 06 - Brotas ",10,0,0,3,1,10,48,15,4,2014-09-15
"130",130,2014,9,"AISP 07 - Rio Vermelho ",2,1,0,1,3,11,19,8,6,2014-09-15
"131",131,2014,9,"AISP 09 - Boca do Rio ",2,0,0,1,0,3,45,8,5,2014-09-15
"132",132,2014,9,"AISP 12 - Itapuã ",10,1,1,0,1,12,79,14,5,2014-09-15
"133",133,2014,9,"AISP 14 - Barra ",2,0,0,0,1,4,5,2,4,2014-09-15
"134",134,2014,9,"AISP 15 - Nordeste ",4,0,0,0,0,7,4,1,3,2014-09-15
"135",135,2014,9,"AISP 16 - Pituba ",0,0,0,1,0,16,29,6,0,2014-09-15
"136",136,2014,9,"AISP 01 - Barris ",2,0,0,1,2,9,28,10,13,2014-09-15
"137",137,2014,9,"AISP 02 - Liberdade ",9,0,1,5,4,9,50,21,4,2014-09-15
"138",138,2014,9,"AISP 03 - Bonfim ",2,0,0,4,1,11,28,34,7,2014-09-15
"139",139,2014,9,"AISP 04 - São Caetano ",9,0,0,0,6,5,28,6,0,2014-09-15
"140",140,2014,9,"AISP 05 - Periperi ",16,0,1,6,12,44,28,9,3,2014-09-15
"141",141,2014,9,"AISP 08 - CIA ",1,0,1,0,0,1,12,2,1,2014-09-15
"142",142,2014,9,"AISP 10 - Pau da Lima ",12,0,0,8,3,11,37,20,0,2014-09-15
"143",143,2014,9,"AISP 11 - Tancredo Neves ",6,0,1,2,3,18,66,22,15,2014-09-15
"144",144,2014,9,"AISP 13 - Cajazeiras ",10,0,0,2,4,4,16,9,2,2014-09-15
"145",145,2014,10,"AISP 06 - Brotas ",2,0,1,1,1,12,54,13,14,2014-10-15
"146",146,2014,10,"AISP 07 - Rio Vermelho ",3,0,0,1,2,11,34,3,3,2014-10-15
"147",147,2014,10,"AISP 09 - Boca do Rio ",2,0,0,0,1,4,41,5,2,2014-10-15
"148",148,2014,10,"AISP 12 - Itapuã ",12,0,0,1,7,15,63,16,2,2014-10-15
"149",149,2014,10,"AISP 14 - Barra ",0,0,0,0,2,5,10,0,5,2014-10-15
"150",150,2014,10,"AISP 15 - Nordeste ",2,0,0,0,0,4,1,0,4,2014-10-15
"151",151,2014,10,"AISP 16 - Pituba ",3,0,0,0,0,18,33,4,0,2014-10-15
"152",152,2014,10,"AISP 01 - Barris ",2,0,1,1,0,19,28,11,10,2014-10-15
"153",153,2014,10,"AISP 02 - Liberdade ",8,0,0,1,1,11,63,11,1,2014-10-15
"154",154,2014,10,"AISP 03 - Bonfim ",7,1,0,8,3,6,34,17,10,2014-10-15
"155",155,2014,10,"AISP 04 - São Caetano ",5,0,0,4,3,10,51,12,1,2014-10-15
"156",156,2014,10,"AISP 05 - Periperi ",17,2,0,10,8,18,43,7,12,2014-10-15
"157",157,2014,10,"AISP 08 - CIA ",2,0,0,2,0,5,24,3,0,2014-10-15
"158",158,2014,10,"AISP 10 - Pau da Lima ",9,0,0,6,4,8,60,15,8,2014-10-15
"159",159,2014,10,"AISP 11 - Tancredo Neves ",12,1,0,14,8,21,64,22,12,2014-10-15
"160",160,2014,10,"AISP 13 - Cajazeiras ",5,0,0,8,5,6,22,5,2,2014-10-15
"161",161,2014,11,"AISP 06 - Brotas ",2,0,0,4,3,14,38,6,5,2014-11-15
"162",162,2014,11,"AISP 07 - Rio Vermelho ",1,0,0,0,2,10,22,5,3,2014-11-15
"163",163,2014,11,"AISP 09 - Boca do Rio ",2,0,0,0,1,5,60,9,1,2014-11-15
"164",164,2014,11,"AISP 12 - Itapuã ",14,0,1,3,6,5,71,19,16,2014-11-15
"165",165,2014,11,"AISP 14 - Barra ",0,0,0,1,0,3,6,2,1,2014-11-15
"166",166,2014,11,"AISP 15 - Nordeste ",1,0,0,0,0,6,3,2,4,2014-11-15
"167",167,2014,11,"AISP 16 - Pituba ",1,0,0,3,1,9,27,1,3,2014-11-15
"168",168,2014,11,"AISP 01 - Barris ",3,0,1,2,2,7,32,9,9,2014-11-15
"169",169,2014,11,"AISP 02 - Liberdade ",6,0,0,1,2,9,31,14,0,2014-11-15
"170",170,2014,11,"AISP 03 - Bonfim ",5,1,0,3,5,17,27,24,7,2014-11-15
"171",171,2014,11,"AISP 04 - São Caetano ",12,0,1,3,6,8,39,8,2,2014-11-15
"172",172,2014,11,"AISP 05 - Periperi ",21,0,0,15,5,17,29,6,3,2014-11-15
"173",173,2014,11,"AISP 08 - CIA ",3,0,0,0,0,2,10,2,2,2014-11-15
"174",174,2014,11,"AISP 10 - Pau da Lima ",4,0,0,6,2,9,44,6,7,2014-11-15
"175",175,2014,11,"AISP 11 - Tancredo Neves ",17,0,1,9,4,39,66,12,16,2014-11-15
"176",176,2014,11,"AISP 13 - Cajazeiras ",8,0,0,7,1,2,19,2,2,2014-11-15
"177",177,2014,12,"AISP 06 - Brotas ",4,0,1,3,2,12,50,9,0,2014-12-15
"178",178,2014,12,"AISP 07 - Rio Vermelho ",1,1,1,1,0,8,41,3,1,2014-12-15
"179",179,2014,12,"AISP 09 - Boca do Rio ",2,0,0,0,0,11,53,3,8,2014-12-15
"180",180,2014,12,"AISP 12 - Itapuã ",12,0,0,2,8,26,62,13,6,2014-12-15
"181",181,2014,12,"AISP 14 - Barra ",0,0,0,0,0,6,6,3,1,2014-12-15
"182",182,2014,12,"AISP 15 - Nordeste ",0,0,0,2,2,3,0,0,7,2014-12-15
"183",183,2014,12,"AISP 16 - Pituba ",0,0,0,0,1,8,33,3,1,2014-12-15
"184",184,2014,12,"AISP 01 - Barris ",2,0,1,0,2,17,23,8,7,2014-12-15
"185",185,2014,12,"AISP 02 - Liberdade ",11,0,0,4,1,5,30,16,3,2014-12-15
"186",186,2014,12,"AISP 03 - Bonfim ",4,0,0,5,2,16,25,35,8,2014-12-15
"187",187,2014,12,"AISP 04 - São Caetano ",13,0,1,8,4,4,41,11,2,2014-12-15
"188",188,2014,12,"AISP 05 - Periperi ",17,0,1,18,5,30,40,4,6,2014-12-15
"189",189,2014,12,"AISP 08 - CIA ",2,0,0,0,0,1,10,0,3,2014-12-15
"190",190,2014,12,"AISP 10 - Pau da Lima ",12,0,1,5,3,4,37,5,1,2014-12-15
"191",191,2014,12,"AISP 11 - Tancredo Neves ",21,0,0,3,7,42,74,18,12,2014-12-15
"192",192,2014,12,"AISP 13 - Cajazeiras ",12,0,1,6,2,2,22,3,3,2014-12-15
"193",193,2015,1,"AISP 06 - Brotas ",3,0,0,5,7,16,44,23,8,2015-01-15
"194",194,2015,1,"AISP 07 - Rio Vermelho ",3,0,1,4,2,12,28,6,4,2015-01-15
"195",195,2015,1,"AISP 09 - Boca do Rio ",1,0,0,1,2,10,61,4,5,2015-01-15
"196",196,2015,1,"AISP 12 - Itapuã ",7,0,2,0,9,26,87,25,15,2015-01-15
"197",197,2015,1,"AISP 14 - Barra ",0,0,1,0,0,8,11,1,6,2015-01-15
"198",198,2015,1,"AISP 15 - Nordeste ",0,0,0,0,0,18,3,1,4,2015-01-15
"199",199,2015,1,"AISP 16 - Pituba ",0,0,0,1,2,12,36,4,0,2015-01-15
"200",200,2015,1,"AISP 01 - Barris ",3,0,0,4,3,18,20,11,9,2015-01-15
"201",201,2015,1,"AISP 02 - Liberdade ",12,0,0,5,2,22,32,21,0,2015-01-15
"202",202,2015,1,"AISP 03 - Bonfim ",10,1,0,5,2,20,29,25,4,2015-01-15
"203",203,2015,1,"AISP 04 - São Caetano ",12,0,0,6,4,34,43,9,7,2015-01-15
"204",204,2015,1,"AISP 05 - Periperi ",16,0,0,12,6,22,37,14,2,2015-01-15
"205",205,2015,1,"AISP 08 - CIA ",3,0,0,1,0,3,12,0,0,2015-01-15
"206",206,2015,1,"AISP 10 - Pau da Lima ",17,0,0,2,2,2,43,12,1,2015-01-15
"207",207,2015,1,"AISP 11 - Tancredo Neves ",20,0,1,5,12,36,63,19,10,2015-01-15
"208",208,2015,1,"AISP 13 - Cajazeiras ",8,1,0,3,2,7,20,4,1,2015-01-15
"209",209,2015,2,"AISP 06 - Brotas ",15,0,1,2,3,15,68,11,9,2015-02-15
"210",210,2015,2,"AISP 07 - Rio Vermelho ",2,0,0,2,2,9,19,7,2,2015-02-15
"211",211,2015,2,"AISP 09 - Boca do Rio ",2,0,0,2,2,6,62,10,7,2015-02-15
"212",212,2015,2,"AISP 12 - Itapuã ",5,0,0,0,5,18,70,21,12,2015-02-15
"213",213,2015,2,"AISP 14 - Barra ",1,0,0,0,1,1,2,0,3,2015-02-15
"214",214,2015,2,"AISP 15 - Nordeste ",1,0,1,0,2,11,1,0,3,2015-02-15
"215",215,2015,2,"AISP 16 - Pituba ",0,0,0,2,0,6,33,1,1,2015-02-15
"216",216,2015,2,"AISP 01 - Barris ",6,0,2,7,4,13,23,12,8,2015-02-15
"217",217,2015,2,"AISP 02 - Liberdade ",8,0,0,2,1,14,55,13,0,2015-02-15
"218",218,2015,2,"AISP 03 - Bonfim ",7,0,0,1,4,14,40,19,0,2015-02-15
"219",219,2015,2,"AISP 04 - São Caetano ",9,0,1,5,1,33,27,9,1,2015-02-15
"220",220,2015,2,"AISP 05 - Periperi ",13,1,0,3,5,25,23,4,2,2015-02-15
"221",221,2015,2,"AISP 08 - CIA ",4,0,0,0,2,0,17,2,0,2015-02-15
"222",222,2015,2,"AISP 10 - Pau da Lima ",7,0,1,1,7,4,35,9,3,2015-02-15
"223",223,2015,2,"AISP 11 - Tancredo Neves ",12,0,0,1,12,46,48,8,3,2015-02-15
"224",224,2015,2,"AISP 13 - Cajazeiras ",3,0,1,2,1,8,25,8,4,2015-02-15
"225",225,2015,3,"AISP 06 - Brotas ",6,1,0,4,1,21,56,13,10,2015-03-15
"226",226,2015,3,"AISP 07 - Rio Vermelho ",3,0,0,2,2,12,37,3,2,2015-03-15
"227",227,2015,3,"AISP 09 - Boca do Rio ",4,1,0,0,6,5,65,4,9,2015-03-15
"228",228,2015,3,"AISP 12 - Itapuã ",9,0,0,1,4,18,91,19,9,2015-03-15
"229",229,2015,3,"AISP 14 - Barra ",0,0,0,0,1,1,8,1,6,2015-03-15
"230",230,2015,3,"AISP 15 - Nordeste ",1,0,0,1,2,3,1,1,3,2015-03-15
"231",231,2015,3,"AISP 16 - Pituba ",1,0,0,0,1,6,29,3,1,2015-03-15
"232",232,2015,3,"AISP 01 - Barris ",5,0,0,4,0,9,29,6,8,2015-03-15
"233",233,2015,3,"AISP 02 - Liberdade ",14,0,1,5,5,10,50,14,0,2015-03-15
"234",234,2015,3,"AISP 03 - Bonfim ",7,0,0,5,3,20,37,21,5,2015-03-15
"235",235,2015,3,"AISP 04 - São Caetano ",15,0,2,16,3,19,56,9,1,2015-03-15
"236",236,2015,3,"AISP 05 - Periperi ",26,0,2,14,9,17,35,8,4,2015-03-15
"237",237,2015,3,"AISP 08 - CIA ",2,0,0,0,1,1,18,1,0,2015-03-15
"238",238,2015,3,"AISP 10 - Pau da Lima ",7,1,1,2,3,12,54,11,7,2015-03-15
"239",239,2015,3,"AISP 11 - Tancredo Neves ",13,2,0,7,3,46,70,17,11,2015-03-15
"240",240,2015,3,"AISP 13 - Cajazeiras ",12,0,1,3,2,2,26,3,1,2015-03-15
"241",241,2015,4,"AISP 06 - Brotas ",4,1,0,2,2,14,42,9,8,2015-04-15
"242",242,2015,4,"AISP 07 - Rio Vermelho ",2,0,0,8,2,7,21,5,2,2015-04-15
"243",243,2015,4,"AISP 09 - Boca do Rio ",1,0,0,4,1,6,62,5,4,2015-04-15
"244",244,2015,4,"AISP 12 - Itapuã ",12,0,1,5,2,15,69,18,1,2015-04-15
"245",245,2015,4,"AISP 14 - Barra ",0,0,0,0,0,0,8,1,4,2015-04-15
"246",246,2015,4,"AISP 15 - Nordeste ",0,0,0,3,0,1,0,2,2,2015-04-15
"247",247,2015,4,"AISP 16 - Pituba ",0,0,0,0,2,11,35,2,4,2015-04-15
"248",248,2015,4,"AISP 01 - Barris ",6,0,1,2,2,12,37,19,3,2015-04-15
"249",249,2015,4,"AISP 02 - Liberdade ",10,0,0,3,2,7,42,18,8,2015-04-15
"250",250,2015,4,"AISP 03 - Bonfim ",10,1,0,7,5,22,31,24,1,2015-04-15
"251",251,2015,4,"AISP 04 - São Caetano ",14,0,0,6,6,33,62,12,5,2015-04-15
"252",252,2015,4,"AISP 05 - Periperi ",9,0,2,5,7,38,44,2,2,2015-04-15
"253",253,2015,4,"AISP 08 - CIA ",2,0,1,1,2,2,12,1,0,2015-04-15
"254",254,2015,4,"AISP 10 - Pau da Lima ",11,0,0,7,1,23,54,15,1,2015-04-15
"255",255,2015,4,"AISP 11 - Tancredo Neves ",12,0,0,4,6,64,50,15,14,2015-04-15
"256",256,2015,4,"AISP 13 - Cajazeiras ",5,1,0,5,5,8,41,4,1,2015-04-15
"257",257,2015,5,"AISP 06 - Brotas ",9,0,1,2,3,16,43,15,4,2015-05-15
"258",258,2015,5,"AISP 07 - Rio Vermelho ",2,0,0,0,3,9,21,8,5,2015-05-15
"259",259,2015,5,"AISP 09 - Boca do Rio ",0,0,0,1,3,2,48,3,5,2015-05-15
"260",260,2015,5,"AISP 12 - Itapuã ",11,0,0,4,2,29,90,6,4,2015-05-15
"261",261,2015,5,"AISP 14 - Barra ",0,0,0,0,1,0,7,2,0,2015-05-15
"262",262,2015,5,"AISP 15 - Nordeste ",1,0,0,1,0,5,1,2,3,2015-05-15
"263",263,2015,5,"AISP 16 - Pituba ",0,0,0,0,0,10,50,5,8,2015-05-15
"264",264,2015,5,"AISP 01 - Barris ",7,1,0,4,4,11,39,6,2,2015-05-15
"265",265,2015,5,"AISP 02 - Liberdade ",12,0,0,18,4,11,50,14,0,2015-05-15
"266",266,2015,5,"AISP 03 - Bonfim ",9,0,0,5,2,18,31,19,8,2015-05-15
"267",267,2015,5,"AISP 04 - São Caetano ",16,0,1,2,4,19,55,13,7,2015-05-15
"268",268,2015,5,"AISP 05 - Periperi ",22,0,1,7,8,24,36,8,6,2015-05-15
"269",269,2015,5,"AISP 08 - CIA ",2,0,0,2,0,3,22,4,2,2015-05-15
"270",270,2015,5,"AISP 10 - Pau da Lima ",9,0,1,7,6,9,69,11,6,2015-05-15
"271",271,2015,5,"AISP 11 - Tancredo Neves ",12,1,1,5,7,50,62,15,11,2015-05-15
"272",272,2015,5,"AISP 13 - Cajazeiras ",5,0,0,1,3,10,40,3,1,2015-05-15
"273",273,2015,6,"AISP 06 - Brotas ",3,0,1,1,2,10,57,6,11,2015-06-15
"274",274,2015,6,"AISP 07 - Rio Vermelho ",3,0,0,1,2,12,24,2,0,2015-06-15
"275",275,2015,6,"AISP 09 - Boca do Rio ",1,0,1,2,0,7,44,4,11,2015-06-15
"276",276,2015,6,"AISP 12 - Itapuã ",11,0,0,2,2,10,57,7,3,2015-06-15
"277",277,2015,6,"AISP 14 - Barra ",0,0,0,0,1,3,9,2,3,2015-06-15
"278",278,2015,6,"AISP 15 - Nordeste ",1,0,0,0,0,7,0,2,6,2015-06-15
"279",279,2015,6,"AISP 16 - Pituba ",0,0,0,0,2,4,32,6,3,2015-06-15
"280",280,2015,6,"AISP 01 - Barris ",1,0,1,3,0,10,22,14,4,2015-06-15
"281",281,2015,6,"AISP 02 - Liberdade ",5,2,0,2,2,11,42,5,6,2015-06-15
"282",282,2015,6,"AISP 03 - Bonfim ",4,0,1,3,2,20,36,22,3,2015-06-15
"283",283,2015,6,"AISP 04 - São Caetano ",13,0,0,6,5,36,52,13,3,2015-06-15
"284",284,2015,6,"AISP 05 - Periperi ",15,0,0,5,4,28,39,7,2,2015-06-15
"285",285,2015,6,"AISP 08 - CIA ",3,0,1,2,0,0,11,1,1,2015-06-15
"286",286,2015,6,"AISP 10 - Pau da Lima ",8,1,0,5,0,8,58,19,4,2015-06-15
"287",287,2015,6,"AISP 11 - Tancredo Neves ",10,1,1,1,5,54,59,19,12,2015-06-15
"288",288,2015,6,"AISP 13 - Cajazeiras ",8,1,0,3,2,8,31,9,2,2015-06-15
"289",289,2015,7,"AISP 06 - Brotas ",2,0,1,1,1,12,43,12,2,2015-07-15
"290",290,2015,7,"AISP 07 - Rio Vermelho ",1,0,0,0,1,16,26,3,0,2015-07-15
"291",291,2015,7,"AISP 09 - Boca do Rio ",4,0,0,2,2,0,49,8,10,2015-07-15
"292",292,2015,7,"AISP 12 - Itapuã ",10,0,0,3,4,33,79,11,6,2015-07-15
"293",293,2015,7,"AISP 14 - Barra ",0,0,0,0,1,7,11,2,0,2015-07-15
"294",294,2015,7,"AISP 15 - Nordeste ",0,1,0,1,1,10,2,0,6,2015-07-15
"295",295,2015,7,"AISP 16 - Pituba ",0,0,0,0,2,7,35,2,0,2015-07-15
"296",296,2015,7,"AISP 01 - Barris ",4,0,0,3,3,15,19,14,7,2015-07-15
"297",297,2015,7,"AISP 02 - Liberdade ",8,0,0,6,2,9,49,11,0,2015-07-15
"298",298,2015,7,"AISP 03 - Bonfim ",5,1,0,4,2,24,48,12,4,2015-07-15
"299",299,2015,7,"AISP 04 - São Caetano ",11,2,0,4,6,24,53,12,3,2015-07-15
"300",300,2015,7,"AISP 05 - Periperi ",25,0,2,25,6,13,42,7,5,2015-07-15
"301",301,2015,7,"AISP 08 - CIA ",5,0,0,4,0,0,11,1,4,2015-07-15
"302",302,2015,7,"AISP 10 - Pau da Lima ",16,0,1,4,2,9,60,21,5,2015-07-15
"303",303,2015,7,"AISP 11 - Tancredo Neves ",18,0,1,10,5,42,63,27,10,2015-07-15
"304",304,2015,7,"AISP 13 - Cajazeiras ",9,0,1,3,5,7,21,5,1,2015-07-15
"305",305,2015,8,"AISP 06 - Brotas ",2,0,0,0,4,10,33,7,3,2015-08-15
"306",306,2015,8,"AISP 07 - Rio Vermelho ",2,0,0,0,1,17,15,4,6,2015-08-15
"307",307,2015,8,"AISP 09 - Boca do Rio ",4,0,2,3,3,5,68,4,4,2015-08-15
"308",308,2015,8,"AISP 12 - Itapuã ",9,0,0,0,3,12,85,9,5,2015-08-15
"309",309,2015,8,"AISP 14 - Barra ",1,0,0,0,1,1,3,0,4,2015-08-15
"310",310,2015,8,"AISP 15 - Nordeste ",0,0,0,1,0,8,0,1,7,2015-08-15
"311",311,2015,8,"AISP 16 - Pituba ",0,0,0,0,0,3,32,1,7,2015-08-15
"312",312,2015,8,"AISP 01 - Barris ",3,0,0,1,2,17,21,6,15,2015-08-15
"313",313,2015,8,"AISP 02 - Liberdade ",6,0,0,0,5,13,34,12,1,2015-08-15
"314",314,2015,8,"AISP 03 - Bonfim ",15,1,0,1,5,18,28,13,5,2015-08-15
"315",315,2015,8,"AISP 04 - São Caetano ",9,0,0,2,3,15,33,11,4,2015-08-15
"316",316,2015,8,"AISP 05 - Periperi ",22,0,1,0,6,6,30,13,6,2015-08-15
"317",317,2015,8,"AISP 08 - CIA ",3,0,0,1,0,4,16,1,0,2015-08-15
"318",318,2015,8,"AISP 10 - Pau da Lima ",7,0,1,4,1,0,50,16,0,2015-08-15
"319",319,2015,8,"AISP 11 - Tancredo Neves ",14,0,1,6,7,23,69,17,24,2015-08-15
"320",320,2015,8,"AISP 13 - Cajazeiras ",6,0,0,7,3,5,22,6,2,2015-08-15
"321",321,2015,9,"AISP 06 - Brotas ",4,0,0,1,2,12,25,10,3,2015-09-15
"322",322,2015,9,"AISP 07 - Rio Vermelho ",2,1,0,13,2,6,13,6,8,2015-09-15
"323",323,2015,9,"AISP 09 - Boca do Rio ",1,0,0,4,5,1,28,6,10,2015-09-15
"324",324,2015,9,"AISP 12 - Itapuã ",12,1,0,2,8,11,60,25,8,2015-09-15
"325",325,2015,9,"AISP 14 - Barra ",0,0,1,1,1,1,1,1,3,2015-09-15
"326",326,2015,9,"AISP 15 - Nordeste ",1,0,1,4,1,1,2,1,5,2015-09-15
"327",327,2015,9,"AISP 16 - Pituba ",0,0,1,1,0,4,22,3,14,2015-09-15
"328",328,2015,9,"AISP 01 - Barris ",3,0,1,2,1,13,19,10,9,2015-09-15
"329",329,2015,9,"AISP 02 - Liberdade ",6,0,0,4,5,6,47,7,1,2015-09-15
"330",330,2015,9,"AISP 03 - Bonfim ",9,0,1,8,3,16,42,26,7,2015-09-15
"331",331,2015,9,"AISP 04 - São Caetano ",9,0,0,1,3,7,41,11,6,2015-09-15
"332",332,2015,9,"AISP 05 - Periperi ",21,0,1,11,5,11,30,9,2,2015-09-15
"333",333,2015,9,"AISP 08 - CIA ",3,0,0,1,3,0,4,1,0,2015-09-15
"334",334,2015,9,"AISP 10 - Pau da Lima ",4,0,1,2,3,7,33,12,5,2015-09-15
"335",335,2015,9,"AISP 11 - Tancredo Neves ",14,0,1,0,3,26,52,26,16,2015-09-15
"336",336,2015,9,"AISP 13 - Cajazeiras ",8,0,1,1,2,5,13,7,2,2015-09-15
"337",337,2015,10,"AISP 06 - Brotas ",5,0,0,2,5,22,30,8,6,2015-10-15
"338",338,2015,10,"AISP 07 - Rio Vermelho ",2,0,0,0,0,21,21,2,4,2015-10-15
"339",339,2015,10,"AISP 09 - Boca do Rio ",2,0,0,2,1,2,30,5,5,2015-10-15
"340",340,2015,10,"AISP 12 - Itapuã ",12,1,1,0,4,12,59,16,1,2015-10-15
"341",341,2015,10,"AISP 14 - Barra ",0,0,0,2,1,1,7,0,7,2015-10-15
"342",342,2015,10,"AISP 15 - Nordeste ",4,0,0,1,2,0,2,2,3,2015-10-15
"343",343,2015,10,"AISP 16 - Pituba ",0,0,0,0,1,10,31,0,6,2015-10-15
"344",344,2015,10,"AISP 01 - Barris ",2,0,0,4,2,8,23,6,8,2015-10-15
"345",345,2015,10,"AISP 02 - Liberdade ",14,0,0,1,2,17,37,15,3,2015-10-15
"346",346,2015,10,"AISP 03 - Bonfim ",7,0,0,4,9,13,41,22,7,2015-10-15
"347",347,2015,10,"AISP 04 - São Caetano ",4,1,0,4,2,32,30,10,6,2015-10-15
"348",348,2015,10,"AISP 05 - Periperi ",27,0,0,5,6,29,29,8,2,2015-10-15
"349",349,2015,10,"AISP 08 - CIA ",2,0,0,0,2,1,12,1,0,2015-10-15
"350",350,2015,10,"AISP 10 - Pau da Lima ",9,1,0,2,2,4,46,12,4,2015-10-15
"351",351,2015,10,"AISP 11 - Tancredo Neves ",9,0,1,4,5,43,45,18,17,2015-10-15
"352",352,2015,10,"AISP 13 - Cajazeiras ",10,2,0,9,5,3,23,5,1,2015-10-15
"353",353,2015,11,"AISP 06 - Brotas ",0,1,0,1,0,22,29,13,7,2015-11-15
"354",354,2015,11,"AISP 07 - Rio Vermelho ",2,0,0,3,0,16,11,7,5,2015-11-15
"355",355,2015,11,"AISP 09 - Boca do Rio ",0,0,1,3,0,5,37,7,3,2015-11-15
"356",356,2015,11,"AISP 12 - Itapuã ",9,0,1,1,1,20,63,12,9,2015-11-15
"357",357,2015,11,"AISP 14 - Barra ",0,0,0,1,1,1,8,2,6,2015-11-15
"358",358,2015,11,"AISP 15 - Nordeste ",1,1,0,1,1,1,5,1,14,2015-11-15
"359",359,2015,11,"AISP 16 - Pituba ",0,0,0,0,0,7,24,4,5,2015-11-15
"360",360,2015,11,"AISP 01 - Barris ",3,0,0,1,1,20,16,10,11,2015-11-15
"361",361,2015,11,"AISP 02 - Liberdade ",6,0,0,0,2,14,35,10,1,2015-11-15
"362",362,2015,11,"AISP 03 - Bonfim ",9,0,0,1,2,14,31,18,10,2015-11-15
"363",363,2015,11,"AISP 04 - São Caetano ",22,0,0,6,3,21,42,15,0,2015-11-15
"364",364,2015,11,"AISP 05 - Periperi ",24,0,0,17,8,27,17,11,8,2015-11-15
"365",365,2015,11,"AISP 08 - CIA ",3,0,0,0,3,0,6,1,0,2015-11-15
"366",366,2015,11,"AISP 10 - Pau da Lima ",7,1,0,0,3,6,37,14,5,2015-11-15
"367",367,2015,11,"AISP 11 - Tancredo Neves ",11,0,1,0,6,41,44,18,13,2015-11-15
"368",368,2015,11,"AISP 13 - Cajazeiras ",12,0,0,4,2,4,20,6,1,2015-11-15
"369",369,2015,12,"AISP 06 - Brotas ",7,0,1,1,1,20,23,6,6,2015-12-15
"370",370,2015,12,"AISP 07 - Rio Vermelho ",0,0,0,0,1,16,5,5,3,2015-12-15
"371",371,2015,12,"AISP 09 - Boca do Rio ",5,0,0,1,6,0,42,7,17,2015-12-15
"372",372,2015,12,"AISP 12 - Itapuã ",12,1,1,0,5,14,61,20,6,2015-12-15
"373",373,2015,12,"AISP 14 - Barra ",0,1,0,0,0,4,7,2,5,2015-12-15
"374",374,2015,12,"AISP 15 - Nordeste ",0,0,0,2,0,4,0,1,1,2015-12-15
"375",375,2015,12,"AISP 16 - Pituba ",1,0,0,1,0,4,21,7,3,2015-12-15
"376",376,2015,12,"AISP 01 - Barris ",10,0,0,2,0,13,25,12,1,2015-12-15
"377",377,2015,12,"AISP 02 - Liberdade ",9,0,0,2,0,9,23,9,1,2015-12-15
"378",378,2015,12,"AISP 03 - Bonfim ",9,1,2,4,1,12,41,23,7,2015-12-15
"379",379,2015,12,"AISP 04 - São Caetano ",14,1,0,4,3,25,47,14,1,2015-12-15
"380",380,2015,12,"AISP 05 - Periperi ",24,0,0,4,7,32,32,4,0,2015-12-15
"381",381,2015,12,"AISP 08 - CIA ",1,0,0,0,1,0,6,0,0,2015-12-15
"382",382,2015,12,"AISP 10 - Pau da Lima ",10,1,0,1,2,17,45,9,0,2015-12-15
"383",383,2015,12,"AISP 11 - Tancredo Neves ",8,0,0,2,8,27,45,15,12,2015-12-15
"384",384,2015,12,"AISP 13 - Cajazeiras ",8,0,0,1,3,7,15,3,3,2015-12-15
"385",385,2016,1,"AISP 06 - Brotas ",6,0,0,4,6,26,40,9,13,2016-01-15
"386",386,2016,1,"AISP 07 - Rio Vermelho ",1,0,0,0,5,18,18,6,3,2016-01-15
"387",387,2016,1,"AISP 09 - Boca do Rio ",2,0,0,0,5,3,39,7,9,2016-01-15
"388",388,2016,1,"AISP 12 - Itapuã ",11,0,0,1,3,13,65,18,9,2016-01-15
"389",389,2016,1,"AISP 14 - Barra ",0,0,0,0,0,2,9,3,0,2016-01-15
"390",390,2016,1,"AISP 15 - Nordeste ",1,0,0,2,1,1,4,0,2,2016-01-15
"391",391,2016,1,"AISP 16 - Pituba ",0,0,1,0,3,5,25,3,7,2016-01-15
"392",392,2016,1,"AISP 01 - Barris ",4,1,1,1,1,8,28,11,5,2016-01-15
"393",393,2016,1,"AISP 02 - Liberdade ",15,1,1,12,1,3,40,14,3,2016-01-15
"394",394,2016,1,"AISP 03 - Bonfim ",15,1,0,7,2,15,41,23,21,2016-01-15
"395",395,2016,1,"AISP 04 - São Caetano ",14,0,1,6,2,29,53,10,7,2016-01-15
"396",396,2016,1,"AISP 05 - Periperi ",21,1,0,7,5,23,42,9,2,2016-01-15
"397",397,2016,1,"AISP 08 - CIA ",7,0,0,0,1,2,16,1,0,2016-01-15
"398",398,2016,1,"AISP 10 - Pau da Lima ",9,0,0,2,0,10,42,20,0,2016-01-15
"399",399,2016,1,"AISP 11 - Tancredo Neves ",13,3,0,3,5,32,38,28,14,2016-01-15
"400",400,2016,1,"AISP 13 - Cajazeiras ",6,0,0,3,2,8,17,9,1,2016-01-15
"401",401,2016,2,"AISP 06 - Brotas ",10,0,0,2,1,23,42,7,4,2016-02-15
"402",402,2016,2,"AISP 07 - Rio Vermelho ",4,0,0,1,0,14,21,7,111,2016-02-15
"403",403,2016,2,"AISP 09 - Boca do Rio ",0,0,0,2,1,8,34,7,8,2016-02-15
"404",404,2016,2,"AISP 12 - Itapuã ",5,1,0,2,8,13,68,14,12,2016-02-15
"405",405,2016,2,"AISP 14 - Barra ",1,0,0,0,1,1,4,3,5,2016-02-15
"406",406,2016,2,"AISP 15 - Nordeste ",2,0,0,0,1,3,2,2,6,2016-02-15
"407",407,2016,2,"AISP 16 - Pituba ",1,0,0,1,0,13,17,3,0,2016-02-15
"408",408,2016,2,"AISP 01 - Barris ",1,1,0,1,4,15,26,9,5,2016-02-15
"409",409,2016,2,"AISP 02 - Liberdade ",6,0,1,4,2,16,34,11,2,2016-02-15
"410",410,2016,2,"AISP 03 - Bonfim ",10,0,0,5,0,18,40,18,3,2016-02-15
"411",411,2016,2,"AISP 04 - São Caetano ",18,0,0,7,3,19,64,12,2,2016-02-15
"412",412,2016,2,"AISP 05 - Periperi ",28,1,0,11,14,24,45,14,5,2016-02-15
"413",413,2016,2,"AISP 08 - CIA ",3,0,0,2,3,0,15,0,1,2016-02-15
"414",414,2016,2,"AISP 10 - Pau da Lima ",9,0,0,2,5,3,53,15,4,2016-02-15
"415",415,2016,2,"AISP 11 - Tancredo Neves ",11,0,0,2,7,39,37,18,8,2016-02-15
"416",416,2016,2,"AISP 13 - Cajazeiras ",5,1,0,2,4,3,14,8,4,2016-02-15
"417",417,2016,3,"AISP 06 - Brotas ",9,1,0,1,1,19,36,9,6,2016-03-15
"418",418,2016,3,"AISP 07 - Rio Vermelho ",3,0,1,1,2,13,17,2,3,2016-03-15
"419",419,2016,3,"AISP 09 - Boca do Rio ",2,0,0,2,3,6,33,10,3,2016-03-15
"420",420,2016,3,"AISP 12 - Itapuã ",7,0,1,3,6,16,71,11,25,2016-03-15
"421",421,2016,3,"AISP 14 - Barra ",0,0,0,0,0,2,3,0,7,2016-03-15
"422",422,2016,3,"AISP 15 - Nordeste ",1,0,0,2,4,5,1,0,10,2016-03-15
"423",423,2016,3,"AISP 16 - Pituba ",0,0,0,1,0,19,27,4,2,2016-03-15
"424",424,2016,3,"AISP 01 - Barris ",2,0,0,0,1,14,26,3,5,2016-03-15
"425",425,2016,3,"AISP 02 - Liberdade ",8,0,0,5,0,18,36,8,5,2016-03-15
"426",426,2016,3,"AISP 03 - Bonfim ",10,0,1,7,2,24,34,11,10,2016-03-15
"427",427,2016,3,"AISP 04 - São Caetano ",13,0,1,4,4,15,55,5,2,2016-03-15
"428",428,2016,3,"AISP 05 - Periperi ",24,1,0,8,11,22,45,7,4,2016-03-15
"429",429,2016,3,"AISP 08 - CIA ",2,0,0,3,1,0,8,0,6,2016-03-15
"430",430,2016,3,"AISP 10 - Pau da Lima ",14,0,0,3,5,4,47,6,5,2016-03-15
"431",431,2016,3,"AISP 11 - Tancredo Neves ",14,1,0,2,4,22,60,21,17,2016-03-15
"432",432,2016,3,"AISP 13 - Cajazeiras ",7,0,2,8,2,3,26,13,1,2016-03-15
"433",433,2016,4,"AISP 06 - Brotas ",2,0,0,0,4,13,43,7,9,2016-04-15
"434",434,2016,4,"AISP 07 - Rio Vermelho ",3,0,1,1,0,11,23,4,2,2016-04-15
"435",435,2016,4,"AISP 09 - Boca do Rio ",1,0,0,0,2,4,36,6,6,2016-04-15
"436",436,2016,4,"AISP 12 - Itapuã ",7,0,0,2,5,17,63,19,9,2016-04-15
"437",437,2016,4,"AISP 14 - Barra ",0,0,0,0,0,0,3,1,7,2016-04-15
"438",438,2016,4,"AISP 15 - Nordeste ",1,0,0,2,0,6,2,2,10,2016-04-15
"439",439,2016,4,"AISP 16 - Pituba ",0,0,0,0,0,3,25,5,5,2016-04-15
"440",440,2016,4,"AISP 01 - Barris ",4,0,0,0,5,20,21,6,7,2016-04-15
"441",441,2016,4,"AISP 02 - Liberdade ",10,0,1,4,0,11,38,13,3,2016-04-15
"442",442,2016,4,"AISP 03 - Bonfim ",9,1,0,3,0,26,36,13,14,2016-04-15
"443",443,2016,4,"AISP 04 - São Caetano ",14,0,1,11,2,23,52,20,4,2016-04-15
"444",444,2016,4,"AISP 05 - Periperi ",14,0,1,7,5,8,46,21,10,2016-04-15
"445",445,2016,4,"AISP 08 - CIA ",2,0,0,3,0,0,9,1,1,2016-04-15
"446",446,2016,4,"AISP 10 - Pau da Lima ",9,0,0,5,2,7,59,8,1,2016-04-15
"447",447,2016,4,"AISP 11 - Tancredo Neves ",13,0,2,5,3,35,63,23,22,2016-04-15
"448",448,2016,4,"AISP 13 - Cajazeiras ",8,0,0,1,1,5,20,5,2,2016-04-15
"449",449,2016,5,"AISP 06 - Brotas ",0,0,0,1,2,23,32,7,3,2016-05-15
"450",450,2016,5,"AISP 07 - Rio Vermelho ",6,0,0,4,0,25,27,4,8,2016-05-15
"451",451,2016,5,"AISP 09 - Boca do Rio ",5,0,0,1,5,3,41,7,11,2016-05-15
"452",452,2016,5,"AISP 12 - Itapuã ",11,0,0,2,4,27,80,12,27,2016-05-15
"453",453,2016,5,"AISP 14 - Barra ",0,0,0,0,0,4,6,3,0,2016-05-15
"454",454,2016,5,"AISP 15 - Nordeste ",1,0,0,0,1,10,2,4,9,2016-05-15
"455",455,2016,5,"AISP 16 - Pituba ",0,0,0,0,0,8,29,6,7,2016-05-15
"456",456,2016,5,"AISP 01 - Barris ",3,1,0,5,0,26,21,6,11,2016-05-15
"457",457,2016,5,"AISP 02 - Liberdade ",7,1,0,3,2,7,28,11,4,2016-05-15
"458",458,2016,5,"AISP 03 - Bonfim ",12,0,1,3,3,27,35,13,3,2016-05-15
"459",459,2016,5,"AISP 04 - São Caetano ",15,1,1,2,5,18,47,13,5,2016-05-15
"460",460,2016,5,"AISP 05 - Periperi ",29,0,1,10,10,16,44,13,5,2016-05-15
"461",461,2016,5,"AISP 08 - CIA ",3,0,0,0,0,0,10,0,1,2016-05-15
"462",462,2016,5,"AISP 10 - Pau da Lima ",9,0,0,2,4,10,44,15,0,2016-05-15
"463",463,2016,5,"AISP 11 - Tancredo Neves ",14,2,0,6,7,32,46,22,18,2016-05-15
"464",464,2016,5,"AISP 13 - Cajazeiras ",2,0,0,0,7,13,31,4,1,2016-05-15
"465",465,2016,6,"AISP 06 - Brotas ",3,0,0,1,4,7,45,11,3,2016-06-15
"466",466,2016,6,"AISP 07 - Rio Vermelho ",2,0,3,2,1,29,19,6,4,2016-06-15
"467",467,2016,6,"AISP 09 - Boca do Rio ",3,0,0,5,2,4,42,3,3,2016-06-15
"468",468,2016,6,"AISP 12 - Itapuã ",5,0,0,2,7,31,69,17,16,2016-06-15
"469",469,2016,6,"AISP 14 - Barra ",0,0,0,0,2,12,8,0,1,2016-06-15
"470",470,2016,6,"AISP 15 - Nordeste ",3,0,0,0,0,7,0,3,7,2016-06-15
"471",471,2016,6,"AISP 16 - Pituba ",0,0,0,0,0,16,31,4,3,2016-06-15
"472",472,2016,6,"AISP 01 - Barris ",6,0,0,4,4,11,30,8,4,2016-06-15
"473",473,2016,6,"AISP 02 - Liberdade ",6,0,0,1,0,3,40,13,1,2016-06-15
"474",474,2016,6,"AISP 03 - Bonfim ",14,0,0,4,2,11,31,14,5,2016-06-15
"475",475,2016,6,"AISP 04 - São Caetano ",7,0,0,4,9,16,38,15,6,2016-06-15
"476",476,2016,6,"AISP 05 - Periperi ",9,0,0,11,5,19,22,8,13,2016-06-15
"477",477,2016,6,"AISP 08 - CIA ",2,0,0,0,0,0,9,0,6,2016-06-15
"478",478,2016,6,"AISP 10 - Pau da Lima ",6,0,0,1,3,3,49,21,5,2016-06-15
"479",479,2016,6,"AISP 11 - Tancredo Neves ",12,0,2,8,2,27,35,16,12,2016-06-15
"480",480,2016,6,"AISP 13 - Cajazeiras ",14,0,0,5,2,9,20,4,5,2016-06-15
"481",481,2016,7,"AISP 06 - Brotas ",10,0,0,3,3,17,37,9,7,2016-07-15
"482",482,2016,7,"AISP 07 - Rio Vermelho ",0,0,0,1,0,24,15,3,7,2016-07-15
"483",483,2016,7,"AISP 09 - Boca do Rio ",0,0,0,4,2,4,44,5,3,2016-07-15
"484",484,2016,7,"AISP 12 - Itapuã ",13,0,0,1,4,32,79,12,4,2016-07-15
"485",485,2016,7,"AISP 14 - Barra ",1,0,0,1,0,4,8,2,8,2016-07-15
"486",486,2016,7,"AISP 15 - Nordeste ",1,0,0,0,3,11,0,0,0,2016-07-15
"487",487,2016,7,"AISP 16 - Pituba ",0,0,0,0,2,8,32,4,7,2016-07-15
"488",488,2016,7,"AISP 01 - Barris ",0,0,0,0,2,13,42,8,8,2016-07-15
"489",489,2016,7,"AISP 02 - Liberdade ",7,0,0,1,2,3,32,13,3,2016-07-15
"490",490,2016,7,"AISP 03 - Bonfim ",9,0,3,2,2,8,34,15,13,2016-07-15
"491",491,2016,7,"AISP 04 - São Caetano ",5,0,1,2,4,28,50,12,2,2016-07-15
"492",492,2016,7,"AISP 05 - Periperi ",20,0,0,7,9,28,38,10,4,2016-07-15
"493",493,2016,7,"AISP 08 - CIA ",4,0,0,0,0,1,20,0,7,2016-07-15
"494",494,2016,7,"AISP 10 - Pau da Lima ",11,1,0,1,2,6,57,17,4,2016-07-15
"495",495,2016,7,"AISP 11 - Tancredo Neves ",8,0,0,5,4,23,73,17,27,2016-07-15
"496",496,2016,7,"AISP 13 - Cajazeiras ",10,0,0,3,2,8,28,10,7,2016-07-15
"497",497,2016,8,"AISP 06 - Brotas ",8,0,0,0,3,11,28,5,10,2016-08-15
"498",498,2016,8,"AISP 07 - Rio Vermelho ",0,0,0,1,0,25,18,2,2,2016-08-15
"499",499,2016,8,"AISP 09 - Boca do Rio ",3,0,0,1,3,10,52,5,6,2016-08-15
"500",500,2016,8,"AISP 12 - Itapuã ",5,0,0,0,6,53,76,17,12,2016-08-15
"501",501,2016,8,"AISP 14 - Barra ",0,0,0,0,2,4,7,1,8,2016-08-15
"502",502,2016,8,"AISP 15 - Nordeste ",1,0,0,0,1,6,2,0,8,2016-08-15
"503",503,2016,8,"AISP 16 - Pituba ",0,0,0,2,0,7,23,3,2,2016-08-15
"504",504,2016,8,"AISP 01 - Barris ",0,0,0,1,3,21,20,5,12,2016-08-15
"505",505,2016,8,"AISP 02 - Liberdade ",8,1,1,4,4,7,45,7,2,2016-08-15
"506",506,2016,8,"AISP 03 - Bonfim ",9,0,0,4,1,21,52,7,2,2016-08-15
"507",507,2016,8,"AISP 04 - São Caetano ",11,0,1,1,4,21,70,8,3,2016-08-15
"508",508,2016,8,"AISP 05 - Periperi ",16,0,0,4,9,43,29,5,3,2016-08-15
"509",509,2016,8,"AISP 08 - CIA ",2,0,0,1,1,1,21,0,3,2016-08-15
"510",510,2016,8,"AISP 10 - Pau da Lima ",10,0,0,3,2,10,47,9,1,2016-08-15
"511",511,2016,8,"AISP 11 - Tancredo Neves ",11,0,1,3,6,32,36,12,25,2016-08-15
"512",512,2016,8,"AISP 13 - Cajazeiras ",6,0,0,0,2,3,26,11,4,2016-08-15
"513",513,2016,9,"AISP 06 - Brotas ",4,0,0,1,2,15,44,15,4,2016-09-15
"514",514,2016,9,"AISP 07 - Rio Vermelho ",2,0,0,2,1,27,18,5,4,2016-09-15
"515",515,2016,9,"AISP 09 - Boca do Rio ",4,0,1,0,3,2,41,5,6,2016-09-15
"516",516,2016,9,"AISP 12 - Itapuã ",9,0,0,4,7,34,71,21,13,2016-09-15
"517",517,2016,9,"AISP 14 - Barra ",0,0,0,0,0,4,4,0,8,2016-09-15
"518",518,2016,9,"AISP 15 - Nordeste ",1,0,0,1,2,6,3,1,6,2016-09-15
"519",519,2016,9,"AISP 16 - Pituba ",0,0,0,0,0,13,27,7,5,2016-09-15
"520",520,2016,9,"AISP 01 - Barris ",4,0,1,2,1,8,19,6,8,2016-09-15
"521",521,2016,9,"AISP 02 - Liberdade ",13,0,0,8,1,17,38,7,9,2016-09-15
"522",522,2016,9,"AISP 03 - Bonfim ",10,0,0,5,1,13,31,16,6,2016-09-15
"523",523,2016,9,"AISP 04 - São Caetano ",13,0,0,9,5,23,48,6,4,2016-09-15
"524",524,2016,9,"AISP 05 - Periperi ",21,0,1,3,5,45,35,9,3,2016-09-15
"525",525,2016,9,"AISP 08 - CIA ",2,0,0,1,0,1,7,0,5,2016-09-15
"526",526,2016,9,"AISP 10 - Pau da Lima ",8,0,0,0,2,9,48,11,0,2016-09-15
"527",527,2016,9,"AISP 11 - Tancredo Neves ",9,0,0,0,2,19,70,16,21,2016-09-15
"528",528,2016,9,"AISP 13 - Cajazeiras ",7,0,0,7,2,4,21,1,2,2016-09-15
"529",529,2016,10,"AISP 06 - Brotas ",8,0,0,0,2,11,29,9,8,2016-10-15
"530",530,2016,10,"AISP 07 - Rio Vermelho ",2,0,0,1,1,31,20,6,7,2016-10-15
"531",531,2016,10,"AISP 09 - Boca do Rio ",6,0,0,3,0,8,28,7,5,2016-10-15
"532",532,2016,10,"AISP 12 - Itapuã ",13,0,0,4,3,23,58,17,9,2016-10-15
"533",533,2016,10,"AISP 14 - Barra ",0,0,0,0,0,1,4,1,4,2016-10-15
"534",534,2016,10,"AISP 15 - Nordeste ",2,0,0,0,0,2,1,0,3,2016-10-15
"535",535,2016,10,"AISP 16 - Pituba ",0,0,0,0,1,13,27,3,4,2016-10-15
"536",536,2016,10,"AISP 01 - Barris ",4,0,0,4,0,29,22,5,3,2016-10-15
"537",537,2016,10,"AISP 02 - Liberdade ",9,0,0,9,0,10,45,5,5,2016-10-15
"538",538,2016,10,"AISP 03 - Bonfim ",4,0,0,3,1,25,33,32,6,2016-10-15
"539",539,2016,10,"AISP 04 - São Caetano ",12,0,0,4,3,21,40,4,6,2016-10-15
"540",540,2016,10,"AISP 05 - Periperi ",15,0,0,7,4,11,36,9,2,2016-10-15
"541",541,2016,10,"AISP 08 - CIA ",6,0,0,1,0,0,12,1,6,2016-10-15
"542",542,2016,10,"AISP 10 - Pau da Lima ",15,0,0,1,1,14,37,16,5,2016-10-15
"543",543,2016,10,"AISP 11 - Tancredo Neves ",13,0,2,2,5,31,69,14,5,2016-10-15
"544",544,2016,10,"AISP 13 - Cajazeiras ",9,0,0,3,1,6,26,3,3,2016-10-15
"545",545,2016,11,"AISP 06 - Brotas ",5,0,0,2,4,11,33,8,2,2016-11-15
"546",546,2016,11,"AISP 07 - Rio Vermelho ",1,0,0,0,2,29,12,5,5,2016-11-15
"547",547,2016,11,"AISP 09 - Boca do Rio ",1,0,0,1,0,9,55,4,6,2016-11-15
"548",548,2016,11,"AISP 12 - Itapuã ",9,0,0,2,3,13,56,26,5,2016-11-15
"549",549,2016,11,"AISP 14 - Barra ",0,0,0,0,0,3,2,1,5,2016-11-15
"550",550,2016,11,"AISP 15 - Nordeste ",2,0,0,2,0,6,1,0,1,2016-11-15
"551",551,2016,11,"AISP 16 - Pituba ",1,0,0,0,0,12,18,6,7,2016-11-15
"552",552,2016,11,"AISP 01 - Barris ",1,0,0,0,1,15,16,8,6,2016-11-15
"553",553,2016,11,"AISP 02 - Liberdade ",14,0,1,9,1,13,43,9,2,2016-11-15
"554",554,2016,11,"AISP 03 - Bonfim ",2,0,0,8,2,19,35,26,3,2016-11-15
"555",555,2016,11,"AISP 04 - São Caetano ",12,0,0,0,2,6,33,5,3,2016-11-15
"556",556,2016,11,"AISP 05 - Periperi ",11,0,0,2,8,14,39,14,4,2016-11-15
"557",557,2016,11,"AISP 08 - CIA ",7,0,0,0,0,0,9,0,1,2016-11-15
"558",558,2016,11,"AISP 10 - Pau da Lima ",11,0,0,0,2,13,46,20,6,2016-11-15
"559",559,2016,11,"AISP 11 - Tancredo Neves ",16,0,0,4,0,19,63,19,9,2016-11-15
"560",560,2016,11,"AISP 13 - Cajazeiras ",10,0,0,3,3,6,21,4,5,2016-11-15
"561",561,2016,12,"AISP 06 - Brotas ",14,0,0,1,2,14,21,10,15,2016-12-15
"562",562,2016,12,"AISP 07 - Rio Vermelho ",0,0,0,0,1,25,15,4,10,2016-12-15
"563",563,2016,12,"AISP 09 - Boca do Rio ",3,0,0,0,2,4,45,6,3,2016-12-15
"564",564,2016,12,"AISP 12 - Itapuã ",8,0,0,0,0,13,62,26,1,2016-12-15
"565",565,2016,12,"AISP 14 - Barra ",0,0,0,0,0,1,5,1,4,2016-12-15
"566",566,2016,12,"AISP 15 - Nordeste ",5,0,0,1,0,1,1,0,3,2016-12-15
"567",567,2016,12,"AISP 16 - Pituba ",0,0,0,0,0,12,15,8,16,2016-12-15
"568",568,2016,12,"AISP 01 - Barris ",3,0,0,0,0,12,19,5,13,2016-12-15
"569",569,2016,12,"AISP 02 - Liberdade ",4,0,0,3,0,13,37,8,6,2016-12-15
"570",570,2016,12,"AISP 03 - Bonfim ",6,0,0,2,0,22,36,16,6,2016-12-15
"571",571,2016,12,"AISP 04 - São Caetano ",9,0,0,1,0,12,47,7,5,2016-12-15
"572",572,2016,12,"AISP 05 - Periperi ",12,0,0,7,3,22,33,4,2,2016-12-15
"573",573,2016,12,"AISP 08 - CIA ",7,0,0,1,1,3,14,1,2,2016-12-15
"574",574,2016,12,"AISP 10 - Pau da Lima ",12,0,0,0,0,16,43,12,4,2016-12-15
"575",575,2016,12,"AISP 11 - Tancredo Neves ",18,0,0,5,2,27,48,17,11,2016-12-15
"576",576,2016,12,"AISP 13 - Cajazeiras ",10,0,0,1,0,6,35,4,6,2016-12-15
"577",577,2017,1,"AISP 06 - Brotas ",8,0,0,0,3,18,33,8,6,2017-01-15
"578",578,2017,1,"AISP 07 - Rio Vermelho ",3,0,0,1,1,19,25,6,8,2017-01-15
"579",579,2017,1,"AISP 09 - Boca do Rio ",4,0,0,6,1,6,39,8,4,2017-01-15
"580",580,2017,1,"AISP 12 - Itapuã ",10,0,0,3,9,20,67,19,23,2017-01-15
"581",581,2017,1,"AISP 14 - Barra ",0,0,0,0,0,3,4,1,3,2017-01-15
"582",582,2017,1,"AISP 15 - Nordeste ",2,0,0,3,0,5,0,1,4,2017-01-15
"583",583,2017,1,"AISP 16 - Pituba ",0,0,1,0,2,8,23,6,7,2017-01-15
"584",584,2017,1,"AISP 01 - Barris ",2,0,0,0,2,15,21,11,13,2017-01-15
"585",585,2017,1,"AISP 02 - Liberdade ",11,0,0,10,1,9,24,2,2,2017-01-15
"586",586,2017,1,"AISP 03 - Bonfim ",13,0,0,1,6,26,30,27,13,2017-01-15
"587",587,2017,1,"AISP 04 - São Caetano ",13,0,2,2,1,19,47,9,3,2017-01-15
"588",588,2017,1,"AISP 05 - Periperi ",24,0,0,8,3,27,27,6,10,2017-01-15
"589",589,2017,1,"AISP 08 - CIA ",2,0,0,2,1,3,10,1,11,2017-01-15
"590",590,2017,1,"AISP 10 - Pau da Lima ",11,0,1,0,4,12,29,17,1,2017-01-15
"591",591,2017,1,"AISP 11 - Tancredo Neves ",12,0,1,4,4,29,52,14,26,2017-01-15
"592",592,2017,1,"AISP 13 - Cajazeiras ",16,0,0,2,6,4,26,6,8,2017-01-15
"593",593,2017,2,"AISP 06 - Brotas ",5,0,1,0,0,15,34,13,2,2017-02-15
"594",594,2017,2,"AISP 07 - Rio Vermelho ",2,0,0,9,4,16,15,8,8,2017-02-15
"595",595,2017,2,"AISP 09 - Boca do Rio ",4,0,0,0,2,5,48,6,6,2017-02-15
"596",596,2017,2,"AISP 12 - Itapuã ",8,0,0,2,5,17,36,17,15,2017-02-15
"597",597,2017,2,"AISP 14 - Barra ",0,0,0,1,0,4,8,6,4,2017-02-15
"598",598,2017,2,"AISP 15 - Nordeste ",3,0,0,0,0,2,1,0,5,2017-02-15
"599",599,2017,2,"AISP 16 - Pituba ",0,0,0,1,0,8,22,6,7,2017-02-15
"600",600,2017,2,"AISP 01 - Barris ",3,0,0,0,3,15,25,5,17,2017-02-15
"601",601,2017,2,"AISP 02 - Liberdade ",11,0,0,13,5,8,40,6,1,2017-02-15
"602",602,2017,2,"AISP 03 - Bonfim ",4,0,0,1,2,41,24,19,5,2017-02-15
"603",603,2017,2,"AISP 04 - São Caetano ",3,0,0,1,2,17,46,5,5,2017-02-15
"604",604,2017,2,"AISP 05 - Periperi ",12,0,1,8,12,23,43,6,7,2017-02-15
"605",605,2017,2,"AISP 08 - CIA ",5,0,0,2,0,2,18,1,9,2017-02-15
"606",606,2017,2,"AISP 10 - Pau da Lima ",12,0,0,2,1,3,41,6,5,2017-02-15
"607",607,2017,2,"AISP 11 - Tancredo Neves ",13,0,0,10,8,24,48,9,18,2017-02-15
"608",608,2017,2,"AISP 13 - Cajazeiras ",17,0,1,2,3,6,36,1,10,2017-02-15
"609",609,2017,3,"AISP 06 - Brotas ",5,0,0,2,6,26,30,13,5,2017-03-15
"610",610,2017,3,"AISP 07 - Rio Vermelho ",4,0,0,0,1,16,20,9,9,2017-03-15
"611",611,2017,3,"AISP 09 - Boca do Rio ",1,0,0,1,5,4,48,8,7,2017-03-15
"612",612,2017,3,"AISP 12 - Itapuã ",16,1,0,2,9,23,72,22,24,2017-03-15
"613",613,2017,3,"AISP 14 - Barra ",0,0,1,0,1,3,9,4,0,2017-03-15
"614",614,2017,3,"AISP 15 - Nordeste ",1,0,0,0,1,5,0,1,3,2017-03-15
"615",615,2017,3,"AISP 16 - Pituba ",2,0,0,0,2,15,25,8,10,2017-03-15
"616",616,2017,3,"AISP 01 - Barris ",4,0,0,0,2,18,19,9,3,2017-03-15
"617",617,2017,3,"AISP 02 - Liberdade ",4,0,0,2,1,9,26,9,4,2017-03-15
"618",618,2017,3,"AISP 03 - Bonfim ",7,0,1,4,5,34,24,19,9,2017-03-15
"619",619,2017,3,"AISP 04 - São Caetano ",10,0,0,3,4,30,49,7,3,2017-03-15
"620",620,2017,3,"AISP 05 - Periperi ",25,0,1,7,7,34,35,11,3,2017-03-15
"621",621,2017,3,"AISP 08 - CIA ",2,0,0,0,0,1,11,1,12,2017-03-15
"622",622,2017,3,"AISP 10 - Pau da Lima ",11,0,0,5,9,4,47,7,1,2017-03-15
"623",623,2017,3,"AISP 11 - Tancredo Neves ",16,0,0,3,8,39,54,17,19,2017-03-15
"624",624,2017,3,"AISP 13 - Cajazeiras ",13,0,1,1,5,4,38,4,5,2017-03-15
"625",625,2017,4,"AISP 06 - Brotas ",4,1,0,3,2,27,30,13,13,2017-04-15
"626",626,2017,4,"AISP 07 - Rio Vermelho ",0,0,0,0,3,9,22,3,7,2017-04-15
"627",627,2017,4,"AISP 09 - Boca do Rio ",0,0,0,3,2,2,42,7,10,2017-04-15
"628",628,2017,4,"AISP 12 - Itapuã ",11,0,0,0,1,32,54,16,17,2017-04-15
"629",629,2017,4,"AISP 14 - Barra ",0,0,0,0,0,1,9,3,2,2017-04-15
"630",630,2017,4,"AISP 15 - Nordeste ",1,0,0,0,0,3,1,0,5,2017-04-15
"631",631,2017,4,"AISP 16 - Pituba ",0,0,0,0,0,13,27,6,6,2017-04-15
"632",632,2017,4,"AISP 01 - Barris ",4,0,0,9,0,22,26,10,7,2017-04-15
"633",633,2017,4,"AISP 02 - Liberdade ",2,0,0,1,3,12,30,11,4,2017-04-15
"634",634,2017,4,"AISP 03 - Bonfim ",6,0,1,12,0,28,20,12,4,2017-04-15
"635",635,2017,4,"AISP 04 - São Caetano ",17,0,1,5,1,28,31,12,4,2017-04-15
"636",636,2017,4,"AISP 05 - Periperi ",16,0,0,7,3,38,20,9,11,2017-04-15
"637",637,2017,4,"AISP 08 - CIA ",3,0,0,0,0,4,13,0,11,2017-04-15
"638",638,2017,4,"AISP 10 - Pau da Lima ",13,0,1,2,4,5,31,3,0,2017-04-15
"639",639,2017,4,"AISP 11 - Tancredo Neves ",15,0,0,3,4,41,40,17,24,2017-04-15
"640",640,2017,4,"AISP 13 - Cajazeiras ",10,0,0,0,5,15,25,5,6,2017-04-15
"641",641,2017,5,"AISP 06 - Brotas ",11,0,0,8,2,21,41,11,5,2017-05-15
"642",642,2017,5,"AISP 07 - Rio Vermelho ",1,0,1,1,1,19,25,4,8,2017-05-15
"643",643,2017,5,"AISP 09 - Boca do Rio ",2,0,0,3,2,3,44,7,9,2017-05-15
"644",644,2017,5,"AISP 12 - Itapuã ",6,0,1,2,8,26,67,17,15,2017-05-15
"645",645,2017,5,"AISP 14 - Barra ",0,0,0,0,0,1,12,1,2,2017-05-15
"646",646,2017,5,"AISP 15 - Nordeste ",2,0,0,2,1,2,1,0,5,2017-05-15
"647",647,2017,5,"AISP 16 - Pituba ",1,0,0,0,2,20,33,13,10,2017-05-15
"648",648,2017,5,"AISP 01 - Barris ",5,0,1,0,1,18,24,13,16,2017-05-15
"649",649,2017,5,"AISP 02 - Liberdade ",7,0,0,4,3,7,36,14,1,2017-05-15
"650",650,2017,5,"AISP 03 - Bonfim ",7,0,0,1,2,42,26,8,7,2017-05-15
"651",651,2017,5,"AISP 04 - São Caetano ",8,0,1,3,3,34,29,6,2,2017-05-15
"652",652,2017,5,"AISP 05 - Periperi ",30,0,0,3,10,41,35,6,20,2017-05-15
"653",653,2017,5,"AISP 08 - CIA ",3,0,0,0,0,3,18,0,7,2017-05-15
"654",654,2017,5,"AISP 10 - Pau da Lima ",8,0,1,6,4,20,66,20,0,2017-05-15
"655",655,2017,5,"AISP 11 - Tancredo Neves ",13,0,2,7,9,35,40,28,34,2017-05-15
"656",656,2017,5,"AISP 13 - Cajazeiras ",7,0,0,4,4,11,34,6,4,2017-05-15
"657",657,2017,6,"AISP 06 - Brotas ",4,0,0,1,1,12,32,10,14,2017-06-15
"658",658,2017,6,"AISP 07 - Rio Vermelho ",3,0,0,1,0,22,27,6,11,2017-06-15
"659",659,2017,6,"AISP 09 - Boca do Rio ",4,0,0,6,2,2,34,9,5,2017-06-15
"660",660,2017,6,"AISP 12 - Itapuã ",9,0,0,3,6,28,58,13,11,2017-06-15
"661",661,2017,6,"AISP 14 - Barra ",0,0,0,0,1,2,10,1,6,2017-06-15
"662",662,2017,6,"AISP 15 - Nordeste ",6,0,0,1,0,1,1,0,0,2017-06-15
"663",663,2017,6,"AISP 16 - Pituba ",0,0,0,0,1,13,20,11,6,2017-06-15
"664",664,2017,6,"AISP 01 - Barris ",3,0,0,2,0,19,22,16,11,2017-06-15
"665",665,2017,6,"AISP 02 - Liberdade ",8,0,1,2,1,10,37,10,0,2017-06-15
"666",666,2017,6,"AISP 03 - Bonfim ",7,0,0,3,6,43,28,11,4,2017-06-15
"667",667,2017,6,"AISP 04 - São Caetano ",8,0,0,4,1,24,38,10,1,2017-06-15
"668",668,2017,6,"AISP 05 - Periperi ",19,0,0,5,9,39,38,7,13,2017-06-15
"669",669,2017,6,"AISP 08 - CIA ",1,0,0,0,0,7,9,1,9,2017-06-15
"670",670,2017,6,"AISP 10 - Pau da Lima ",8,0,0,1,5,12,43,9,2,2017-06-15
"671",671,2017,6,"AISP 11 - Tancredo Neves ",10,0,0,3,4,23,68,24,23,2017-06-15
"672",672,2017,6,"AISP 13 - Cajazeiras ",6,0,0,1,4,9,30,3,5,2017-06-15
"673",673,2017,7,"AISP 06 - Brotas ",5,0,0,0,1,20,33,13,10,2017-07-15
"674",674,2017,7,"AISP 07 - Rio Vermelho ",7,0,0,0,1,12,22,3,9,2017-07-15
"675",675,2017,7,"AISP 09 - Boca do Rio ",4,0,1,0,3,5,47,9,2,2017-07-15
"676",676,2017,7,"AISP 12 - Itapuã ",10,0,0,1,5,11,55,18,4,2017-07-15
"677",677,2017,7,"AISP 14 - Barra ",0,0,0,0,0,1,11,0,2,2017-07-15
"678",678,2017,7,"AISP 15 - Nordeste ",7,0,0,1,0,1,0,0,6,2017-07-15
"679",679,2017,7,"AISP 16 - Pituba ",0,0,0,0,2,36,18,11,7,2017-07-15
"680",680,2017,7,"AISP 01 - Barris ",1,0,0,0,2,13,28,5,7,2017-07-15
"681",681,2017,7,"AISP 02 - Liberdade ",10,1,0,5,2,5,50,7,8,2017-07-15
"682",682,2017,7,"AISP 03 - Bonfim ",5,0,0,6,7,29,27,9,9,2017-07-15
"683",683,2017,7,"AISP 04 - São Caetano ",17,1,0,3,5,25,41,10,11,2017-07-15
"684",684,2017,7,"AISP 05 - Periperi ",15,0,3,3,4,19,42,8,15,2017-07-15
"685",685,2017,7,"AISP 08 - CIA ",1,0,0,1,0,2,8,1,10,2017-07-15
"686",686,2017,7,"AISP 10 - Pau da Lima ",7,0,0,0,1,3,43,18,4,2017-07-15
"687",687,2017,7,"AISP 11 - Tancredo Neves ",9,0,0,5,4,25,65,21,16,2017-07-15
"688",688,2017,7,"AISP 13 - Cajazeiras ",14,0,0,6,2,2,21,7,8,2017-07-15
"689",689,2017,8,"AISP 06 - Brotas ",3,0,0,2,3,15,34,9,8,2017-08-15
"690",690,2017,8,"AISP 07 - Rio Vermelho ",2,0,0,1,3,9,14,6,21,2017-08-15
"691",691,2017,8,"AISP 09 - Boca do Rio ",1,0,0,2,3,3,47,13,11,2017-08-15
"692",692,2017,8,"AISP 12 - Itapuã ",7,0,0,3,2,11,62,15,4,2017-08-15
"693",693,2017,8,"AISP 14 - Barra ",0,0,0,1,1,0,9,2,1,2017-08-15
"694",694,2017,8,"AISP 15 - Nordeste ",1,0,0,1,0,2,1,1,9,2017-08-15
"695",695,2017,8,"AISP 16 - Pituba ",1,0,0,0,1,23,26,11,13,2017-08-15
"696",696,2017,8,"AISP 01 - Barris ",2,0,0,2,5,13,20,2,14,2017-08-15
"697",697,2017,8,"AISP 02 - Liberdade ",26,0,0,9,1,5,34,10,8,2017-08-15
"698",698,2017,8,"AISP 03 - Bonfim ",10,0,0,7,3,27,21,21,14,2017-08-15
"699",699,2017,8,"AISP 04 - São Caetano ",12,0,0,4,1,23,40,4,6,2017-08-15
"700",700,2017,8,"AISP 05 - Periperi ",20,0,0,16,13,28,30,8,10,2017-08-15
"701",701,2017,8,"AISP 08 - CIA ",3,0,0,4,1,3,8,3,10,2017-08-15
"702",702,2017,8,"AISP 10 - Pau da Lima ",5,0,0,0,5,6,45,6,1,2017-08-15
"703",703,2017,8,"AISP 11 - Tancredo Neves ",13,0,0,2,4,25,72,20,25,2017-08-15
"704",704,2017,8,"AISP 13 - Cajazeiras ",9,0,0,0,7,5,21,4,3,2017-08-15
"705",705,2017,9,"AISP 06 - Brotas ",9,0,0,1,6,7,41,2,10,2017-09-15
"706",706,2017,9,"AISP 07 - Rio Vermelho ",3,0,1,6,1,5,22,2,12,2017-09-15
"707",707,2017,9,"AISP 09 - Boca do Rio ",1,0,0,1,1,2,47,13,9,2017-09-15
"708",708,2017,9,"AISP 12 - Itapuã ",13,0,0,3,4,11,59,9,2,2017-09-15
"709",709,2017,9,"AISP 14 - Barra ",1,0,0,1,0,1,15,0,14,2017-09-15
"710",710,2017,9,"AISP 15 - Nordeste ",1,0,0,1,0,0,1,0,10,2017-09-15
"711",711,2017,9,"AISP 16 - Pituba ",0,0,0,0,1,9,26,7,12,2017-09-15
"712",712,2017,9,"AISP 01 - Barris ",5,2,0,1,4,10,25,1,12,2017-09-15
"713",713,2017,9,"AISP 02 - Liberdade ",9,0,0,5,3,12,30,5,5,2017-09-15
"714",714,2017,9,"AISP 03 - Bonfim ",7,0,0,3,8,17,32,11,4,2017-09-15
"715",715,2017,9,"AISP 04 - São Caetano ",13,0,0,10,3,24,31,1,13,2017-09-15
"716",716,2017,9,"AISP 05 - Periperi ",23,0,0,11,8,28,30,5,6,2017-09-15
"717",717,2017,9,"AISP 08 - CIA ",2,0,0,1,1,4,11,0,11,2017-09-15
"718",718,2017,9,"AISP 10 - Pau da Lima ",12,0,0,3,2,5,45,13,2,2017-09-15
"719",719,2017,9,"AISP 11 - Tancredo Neves ",5,0,1,5,7,25,49,14,20,2017-09-15
"720",720,2017,9,"AISP 13 - Cajazeiras ",7,0,0,1,4,8,39,3,5,2017-09-15
"721",721,2017,10,"AISP 06 - Brotas ",5,0,0,2,2,6,30,7,11,2017-10-15
"722",722,2017,10,"AISP 07 - Rio Vermelho ",2,0,0,5,3,2,18,3,12,2017-10-15
"723",723,2017,10,"AISP 09 - Boca do Rio ",4,0,0,0,3,5,49,14,7,2017-10-15
"724",724,2017,10,"AISP 12 - Itapuã ",14,0,0,4,9,13,56,21,3,2017-10-15
"725",725,2017,10,"AISP 14 - Barra ",0,0,0,0,0,0,6,4,0,2017-10-15
"726",726,2017,10,"AISP 15 - Nordeste ",2,0,0,3,1,0,1,0,6,2017-10-15
"727",727,2017,10,"AISP 16 - Pituba ",0,0,0,0,3,15,26,7,9,2017-10-15
"728",728,2017,10,"AISP 01 - Barris ",1,0,1,1,1,12,10,1,15,2017-10-15
"729",729,2017,10,"AISP 02 - Liberdade ",8,0,0,25,3,14,36,7,4,2017-10-15
"730",730,2017,10,"AISP 03 - Bonfim ",6,1,0,4,7,17,15,19,8,2017-10-15
"731",731,2017,10,"AISP 04 - São Caetano ",12,0,0,5,11,34,35,12,5,2017-10-15
"732",732,2017,10,"AISP 05 - Periperi ",22,0,0,15,5,26,47,2,3,2017-10-15
"733",733,2017,10,"AISP 08 - CIA ",2,1,0,3,1,4,11,1,10,2017-10-15
"734",734,2017,10,"AISP 10 - Pau da Lima ",12,0,0,4,1,4,34,9,3,2017-10-15
"735",735,2017,10,"AISP 11 - Tancredo Neves ",7,1,0,1,14,24,53,19,9,2017-10-15
"736",736,2017,10,"AISP 13 - Cajazeiras ",11,0,1,0,5,8,35,4,6,2017-10-15
"737",737,2017,11,"AISP 06 - Brotas ",4,0,0,6,6,6,41,3,8,2017-11-15
"738",738,2017,11,"AISP 07 - Rio Vermelho ",3,0,1,2,3,8,16,10,7,2017-11-15
"739",739,2017,11,"AISP 09 - Boca do Rio ",5,0,0,1,0,4,38,12,13,2017-11-15
"740",740,2017,11,"AISP 12 - Itapuã ",12,0,1,1,0,12,49,7,0,2017-11-15
"741",741,2017,11,"AISP 14 - Barra ",1,0,0,0,0,1,1,4,2,2017-11-15
"742",742,2017,11,"AISP 15 - Nordeste ",2,0,0,1,1,1,0,1,2,2017-11-15
"743",743,2017,11,"AISP 16 - Pituba ",2,0,0,1,2,12,25,8,9,2017-11-15
"744",744,2017,11,"AISP 01 - Barris ",1,1,0,0,0,7,6,10,15,2017-11-15
"745",745,2017,11,"AISP 02 - Liberdade ",11,0,0,5,3,3,36,6,3,2017-11-15
"746",746,2017,11,"AISP 03 - Bonfim ",9,0,2,1,4,10,10,20,10,2017-11-15
"747",747,2017,11,"AISP 04 - São Caetano ",9,0,0,1,3,16,56,8,0,2017-11-15
"748",748,2017,11,"AISP 05 - Periperi ",14,0,0,9,5,20,47,8,1,2017-11-15
"749",749,2017,11,"AISP 08 - CIA ",5,0,0,1,1,2,9,0,6,2017-11-15
"750",750,2017,11,"AISP 10 - Pau da Lima ",14,1,0,3,8,10,40,18,3,2017-11-15
"751",751,2017,11,"AISP 11 - Tancredo Neves ",9,0,0,4,12,35,49,15,4,2017-11-15
"752",752,2017,11,"AISP 13 - Cajazeiras ",11,0,1,2,1,6,21,6,15,2017-11-15
"753",753,2017,12,"AISP 06 - Brotas ",9,0,0,1,0,15,29,5,7,2017-12-15
"754",754,2017,12,"AISP 07 - Rio Vermelho ",2,0,0,2,3,22,15,3,8,2017-12-15
"755",755,2017,12,"AISP 09 - Boca do Rio ",4,0,0,0,1,3,25,9,16,2017-12-15
"756",756,2017,12,"AISP 12 - Itapuã ",11,1,0,1,6,9,52,11,2,2017-12-15
"757",757,2017,12,"AISP 14 - Barra ",1,0,0,0,1,0,8,5,9,2017-12-15
"758",758,2017,12,"AISP 15 - Nordeste ",2,0,0,1,0,1,1,1,7,2017-12-15
"759",759,2017,12,"AISP 16 - Pituba ",0,0,0,0,0,11,22,3,6,2017-12-15
"760",760,2017,12,"AISP 01 - Barris ",5,0,0,3,1,13,16,16,20,2017-12-15
"761",761,2017,12,"AISP 02 - Liberdade ",9,0,0,2,1,4,47,7,1,2017-12-15
"762",762,2017,12,"AISP 03 - Bonfim ",10,0,0,3,2,13,25,15,6,2017-12-15
"763",763,2017,12,"AISP 04 - São Caetano ",9,0,0,2,4,15,46,8,2,2017-12-15
"764",764,2017,12,"AISP 05 - Periperi ",23,0,0,4,3,19,29,5,5,2017-12-15
"765",765,2017,12,"AISP 08 - CIA ",5,0,0,0,1,3,8,0,5,2017-12-15
"766",766,2017,12,"AISP 10 - Pau da Lima ",15,0,0,6,4,3,31,11,1,2017-12-15
"767",767,2017,12,"AISP 11 - Tancredo Neves ",13,0,0,2,6,22,39,11,12,2017-12-15
"768",768,2017,12,"AISP 13 - Cajazeiras ",7,0,0,2,2,7,40,1,4,2017-12-15
"769",769,2018,1,"AISP 06 - Brotas ",9,0,0,4,0,11,38,3,5,2018-01-15
"770",770,2018,1,"AISP 07 - Rio Vermelho ",1,0,0,3,1,6,20,6,9,2018-01-15
"771",771,2018,1,"AISP 09 - Boca do Rio ",3,0,0,1,3,6,37,13,6,2018-01-15
"772",772,2018,1,"AISP 12 - Itapuã ",4,0,0,1,2,4,42,22,3,2018-01-15
"773",773,2018,1,"AISP 14 - Barra ",0,0,0,0,0,2,5,1,7,2018-01-15
"774",774,2018,1,"AISP 15 - Nordeste ",3,0,0,0,2,3,2,1,4,2018-01-15
"775",775,2018,1,"AISP 16 - Pituba ",1,0,0,0,0,7,21,6,8,2018-01-15
"776",776,2018,1,"AISP 01 - Barris ",5,0,0,5,2,2,15,3,20,2018-01-15
"777",777,2018,1,"AISP 02 - Liberdade ",12,0,0,4,2,3,44,2,7,2018-01-15
"778",778,2018,1,"AISP 03 - Bonfim ",7,0,0,9,1,8,24,17,10,2018-01-15
"779",779,2018,1,"AISP 04 - São Caetano ",6,0,0,1,6,15,58,8,9,2018-01-15
"780",780,2018,1,"AISP 05 - Periperi ",15,0,1,6,8,19,29,9,4,2018-01-15
"781",781,2018,1,"AISP 08 - CIA ",6,0,0,0,0,11,8,1,10,2018-01-15
"782",782,2018,1,"AISP 10 - Pau da Lima ",7,0,0,2,9,6,39,14,2,2018-01-15
"783",783,2018,1,"AISP 11 - Tancredo Neves ",20,0,0,3,4,29,58,13,24,2018-01-15
"784",784,2018,1,"AISP 13 - Cajazeiras ",7,0,0,0,2,7,26,2,0,2018-01-15
"785",785,2018,2,"AISP 06 - Brotas ",6,0,1,5,2,12,22,11,7,2018-02-15
"786",786,2018,2,"AISP 07 - Rio Vermelho ",2,0,0,0,0,10,15,14,18,2018-02-15
"787",787,2018,2,"AISP 09 - Boca do Rio ",1,0,0,0,2,9,32,9,12,2018-02-15
"788",788,2018,2,"AISP 12 - Itapuã ",9,0,0,2,4,11,34,18,9,2018-02-15
"789",789,2018,2,"AISP 14 - Barra ",1,0,0,0,1,0,3,3,18,2018-02-15
"790",790,2018,2,"AISP 15 - Nordeste ",2,0,0,2,0,4,1,0,4,2018-02-15
"791",791,2018,2,"AISP 16 - Pituba ",0,0,0,0,1,7,17,9,9,2018-02-15
"792",792,2018,2,"AISP 01 - Barris ",2,0,0,4,4,7,17,6,13,2018-02-15
"793",793,2018,2,"AISP 02 - Liberdade ",12,0,0,1,2,14,48,6,2,2018-02-15
"794",794,2018,2,"AISP 03 - Bonfim ",8,0,0,3,8,16,30,11,15,2018-02-15
"795",795,2018,2,"AISP 04 - São Caetano ",6,0,0,0,4,20,46,3,6,2018-02-15
"796",796,2018,2,"AISP 05 - Periperi ",19,1,0,9,3,17,18,7,2,2018-02-15
"797",797,2018,2,"AISP 08 - CIA ",0,0,0,0,0,3,18,1,10,2018-02-15
"798",798,2018,2,"AISP 10 - Pau da Lima ",4,0,0,1,4,10,38,10,3,2018-02-15
"799",799,2018,2,"AISP 11 - Tancredo Neves ",11,0,0,3,5,26,54,9,5,2018-02-15
"800",800,2018,2,"AISP 13 - Cajazeiras ",3,0,0,4,4,5,33,5,10,2018-02-15
"801",801,2018,3,"AISP 06 - Brotas ",2,0,0,1,2,10,30,8,5,2018-03-15
"802",802,2018,3,"AISP 07 - Rio Vermelho ",0,0,0,2,3,7,22,4,14,2018-03-15
"803",803,2018,3,"AISP 09 - Boca do Rio ",5,0,0,0,3,9,53,7,8,2018-03-15
"804",804,2018,3,"AISP 12 - Itapuã ",15,0,1,1,8,7,62,16,12,2018-03-15
"805",805,2018,3,"AISP 14 - Barra ",0,0,0,0,1,2,2,1,3,2018-03-15
"806",806,2018,3,"AISP 15 - Nordeste ",2,0,0,0,2,0,2,2,11,2018-03-15
"807",807,2018,3,"AISP 16 - Pituba ",0,0,0,0,0,7,24,5,6,2018-03-15
"808",808,2018,3,"AISP 01 - Barris ",1,0,0,0,1,5,23,4,36,2018-03-15
"809",809,2018,3,"AISP 02 - Liberdade ",13,0,0,7,1,4,41,8,3,2018-03-15
"810",810,2018,3,"AISP 03 - Bonfim ",9,0,0,5,3,9,24,14,1,2018-03-15
"811",811,2018,3,"AISP 04 - São Caetano ",6,0,0,1,6,24,51,5,3,2018-03-15
"812",812,2018,3,"AISP 05 - Periperi ",10,0,0,4,7,25,34,8,8,2018-03-15
"813",813,2018,3,"AISP 08 - CIA ",4,0,0,1,2,1,14,1,8,2018-03-15
"814",814,2018,3,"AISP 10 - Pau da Lima ",9,0,0,0,3,9,47,8,2,2018-03-15
"815",815,2018,3,"AISP 11 - Tancredo Neves ",6,1,0,1,6,25,57,9,6,2018-03-15
"816",816,2018,3,"AISP 13 - Cajazeiras ",7,0,0,2,1,22,45,8,3,2018-03-15
"817",817,2018,4,"AISP 06 - Brotas ",4,0,0,1,3,13,42,14,5,2018-04-15
"818",818,2018,4,"AISP 07 - Rio Vermelho ",1,0,0,0,2,11,18,6,15,2018-04-15
"819",819,2018,4,"AISP 09 - Boca do Rio ",5,0,0,2,3,5,45,5,7,2018-04-15
"820",820,2018,4,"AISP 12 - Itapuã ",7,0,0,2,2,15,66,13,9,2018-04-15
"821",821,2018,4,"AISP 14 - Barra ",1,0,0,1,0,0,5,0,6,2018-04-15
"822",822,2018,4,"AISP 15 - Nordeste ",6,0,0,0,1,4,1,0,0,2018-04-15
"823",823,2018,4,"AISP 16 - Pituba ",1,0,0,3,1,2,16,3,9,2018-04-15
"824",824,2018,4,"AISP 01 - Barris ",3,0,0,0,0,5,19,6,26,2018-04-15
"825",825,2018,4,"AISP 02 - Liberdade ",12,0,0,4,3,11,58,3,5,2018-04-15
"826",826,2018,4,"AISP 03 - Bonfim ",7,0,0,1,3,15,31,14,13,2018-04-15
"827",827,2018,4,"AISP 04 - São Caetano ",11,0,0,1,3,24,49,8,3,2018-04-15
"828",828,2018,4,"AISP 05 - Periperi ",21,0,0,4,10,18,40,9,9,2018-04-15
"829",829,2018,4,"AISP 08 - CIA ",1,0,0,1,0,8,12,0,9,2018-04-15
"830",830,2018,4,"AISP 10 - Pau da Lima ",9,0,0,1,3,5,47,12,1,2018-04-15
"831",831,2018,4,"AISP 11 - Tancredo Neves ",16,0,0,3,2,18,52,21,12,2018-04-15
"832",832,2018,4,"AISP 13 - Cajazeiras ",3,0,0,0,1,10,34,4,4,2018-04-15
"833",833,2018,5,"AISP 06 - Brotas ",1,0,0,0,3,9,26,13,3,2018-05-15
"834",834,2018,5,"AISP 07 - Rio Vermelho ",0,0,0,0,1,10,19,5,10,2018-05-15
"835",835,2018,5,"AISP 09 - Boca do Rio ",2,0,0,1,1,2,46,7,3,2018-05-15
"836",836,2018,5,"AISP 12 - Itapuã ",10,0,0,0,6,15,64,13,5,2018-05-15
"837",837,2018,5,"AISP 14 - Barra ",0,0,0,3,0,4,1,1,2,2018-05-15
"838",838,2018,5,"AISP 15 - Nordeste ",1,0,0,0,0,2,1,0,5,2018-05-15
"839",839,2018,5,"AISP 16 - Pituba ",1,0,0,0,0,2,26,9,7,2018-05-15
"840",840,2018,5,"AISP 01 - Barris ",1,0,0,0,0,21,12,6,28,2018-05-15
"841",841,2018,5,"AISP 02 - Liberdade ",4,0,0,5,3,6,46,9,5,2018-05-15
"842",842,2018,5,"AISP 03 - Bonfim ",11,0,1,7,4,12,32,10,6,2018-05-15
"843",843,2018,5,"AISP 04 - São Caetano ",15,0,0,0,4,26,46,3,4,2018-05-15
"844",844,2018,5,"AISP 05 - Periperi ",20,0,1,4,3,28,30,7,3,2018-05-15
"845",845,2018,5,"AISP 08 - CIA ",4,0,0,1,1,1,7,0,9,2018-05-15
"846",846,2018,5,"AISP 10 - Pau da Lima ",12,0,0,1,3,1,46,9,3,2018-05-15
"847",847,2018,5,"AISP 11 - Tancredo Neves ",15,1,0,3,5,23,71,14,13,2018-05-15
"848",848,2018,5,"AISP 13 - Cajazeiras ",2,0,0,1,3,5,23,3,3,2018-05-15
"849",849,2018,6,"AISP 06 - Brotas ",8,0,0,1,1,15,25,8,12,2018-06-15
"850",850,2018,6,"AISP 07 - Rio Vermelho ",1,0,0,2,0,6,19,5,7,2018-06-15
"851",851,2018,6,"AISP 09 - Boca do Rio ",3,0,0,1,0,0,51,4,5,2018-06-15
"852",852,2018,6,"AISP 12 - Itapuã ",10,0,1,0,2,14,68,9,5,2018-06-15
"853",853,2018,6,"AISP 14 - Barra ",0,0,0,2,0,1,3,1,4,2018-06-15
"854",854,2018,6,"AISP 15 - Nordeste ",6,0,0,4,0,1,1,1,3,2018-06-15
"855",855,2018,6,"AISP 16 - Pituba ",0,1,0,1,0,12,26,4,7,2018-06-15
"856",856,2018,6,"AISP 01 - Barris ",0,0,0,1,2,12,14,6,23,2018-06-15
"857",857,2018,6,"AISP 02 - Liberdade ",10,0,0,5,1,2,41,10,1,2018-06-15
"858",858,2018,6,"AISP 03 - Bonfim ",5,0,0,1,0,22,38,22,8,2018-06-15
"859",859,2018,6,"AISP 04 - São Caetano ",14,0,0,1,3,25,37,8,2,2018-06-15
"860",860,2018,6,"AISP 05 - Periperi ",17,0,1,4,8,30,30,9,7,2018-06-15
"861",861,2018,6,"AISP 08 - CIA ",5,0,0,0,0,2,8,0,10,2018-06-15
"862",862,2018,6,"AISP 10 - Pau da Lima ",9,0,0,0,8,12,34,14,3,2018-06-15
"863",863,2018,6,"AISP 11 - Tancredo Neves ",11,0,0,2,4,13,61,11,17,2018-06-15
"864",864,2018,6,"AISP 13 - Cajazeiras ",6,0,0,2,2,9,38,2,4,2018-06-15
"865",865,2018,7,"AISP 06 - Brotas ",3,0,0,1,4,8,34,12,12,2018-07-15
"866",866,2018,7,"AISP 07 - Rio Vermelho ",4,0,0,1,4,4,19,3,23,2018-07-15
"867",867,2018,7,"AISP 09 - Boca do Rio ",3,0,0,2,0,13,33,4,9,2018-07-15
"868",868,2018,7,"AISP 12 - Itapuã ",12,0,0,1,5,7,55,16,8,2018-07-15
"869",869,2018,7,"AISP 14 - Barra ",0,0,0,1,0,1,3,0,5,2018-07-15
"870",870,2018,7,"AISP 15 - Nordeste ",1,0,0,0,0,0,2,1,1,2018-07-15
"871",871,2018,7,"AISP 16 - Pituba ",0,0,0,0,1,11,15,2,6,2018-07-15
"872",872,2018,7,"AISP 01 - Barris ",0,0,0,0,4,11,17,4,18,2018-07-15
"873",873,2018,7,"AISP 02 - Liberdade ",4,0,0,1,3,2,44,8,1,2018-07-15
"874",874,2018,7,"AISP 03 - Bonfim ",4,0,0,2,0,24,27,21,6,2018-07-15
"875",875,2018,7,"AISP 04 - São Caetano ",6,0,0,0,2,10,52,14,6,2018-07-15
"876",876,2018,7,"AISP 05 - Periperi ",20,0,0,8,11,29,28,6,4,2018-07-15
"877",877,2018,7,"AISP 08 - CIA ",3,0,1,1,1,2,10,1,7,2018-07-15
"878",878,2018,7,"AISP 10 - Pau da Lima ",10,0,0,3,3,6,33,8,1,2018-07-15
"879",879,2018,7,"AISP 11 - Tancredo Neves ",10,0,0,0,1,21,72,13,12,2018-07-15
"880",880,2018,7,"AISP 13 - Cajazeiras ",5,0,0,6,0,9,32,3,5,2018-07-15
"881",881,2018,8,"AISP 06 - Brotas ",5,0,1,0,3,9,27,11,8,2018-08-15
"882",882,2018,8,"AISP 07 - Rio Vermelho ",1,0,0,1,2,10,11,5,26,2018-08-15
"883",883,2018,8,"AISP 09 - Boca do Rio ",0,1,0,2,1,6,35,6,16,2018-08-15
"884",884,2018,8,"AISP 12 - Itapuã ",8,0,1,2,5,16,59,10,1,2018-08-15
"885",885,2018,8,"AISP 14 - Barra ",0,0,0,0,0,2,9,2,6,2018-08-15
"886",886,2018,8,"AISP 15 - Nordeste ",0,0,0,0,1,0,1,1,5,2018-08-15
"887",887,2018,8,"AISP 16 - Pituba ",0,0,0,1,0,16,23,4,4,2018-08-15
"888",888,2018,8,"AISP 01 - Barris ",1,0,0,0,1,3,15,13,34,2018-08-15
"889",889,2018,8,"AISP 02 - Liberdade ",10,0,0,0,0,4,30,13,4,2018-08-15
"890",890,2018,8,"AISP 03 - Bonfim ",7,0,0,6,1,17,28,19,10,2018-08-15
"891",891,2018,8,"AISP 04 - São Caetano ",11,0,0,1,3,20,41,2,5,2018-08-15
"892",892,2018,8,"AISP 05 - Periperi ",12,0,1,3,2,18,25,6,4,2018-08-15
"893",893,2018,8,"AISP 08 - CIA ",4,0,0,1,0,2,5,0,16,2018-08-15
"894",894,2018,8,"AISP 10 - Pau da Lima ",10,0,0,6,5,8,40,13,6,2018-08-15
"895",895,2018,8,"AISP 11 - Tancredo Neves ",5,0,0,0,7,23,47,22,13,2018-08-15
"896",896,2018,8,"AISP 13 - Cajazeiras ",4,0,0,1,2,13,39,3,5,2018-08-15
"897",897,2018,9,"AISP 06 - Brotas ",2,0,0,1,0,7,34,5,8,2018-09-15
"898",898,2018,9,"AISP 07 - Rio Vermelho ",2,0,1,0,0,0,10,3,12,2018-09-15
"899",899,2018,9,"AISP 09 - Boca do Rio ",2,0,0,1,0,9,43,2,7,2018-09-15
"900",900,2018,9,"AISP 12 - Itapuã ",12,0,0,1,0,12,61,15,7,2018-09-15
"901",901,2018,9,"AISP 14 - Barra ",0,0,0,0,1,1,6,2,3,2018-09-15
"902",902,2018,9,"AISP 15 - Nordeste ",4,0,0,0,0,1,0,0,3,2018-09-15
"903",903,2018,9,"AISP 16 - Pituba ",1,0,0,1,0,13,20,3,12,2018-09-15
"904",904,2018,9,"AISP 01 - Barris ",4,0,0,0,2,7,16,6,28,2018-09-15
"905",905,2018,9,"AISP 02 - Liberdade ",6,0,0,1,0,2,26,5,5,2018-09-15
"906",906,2018,9,"AISP 03 - Bonfim ",8,0,0,6,1,26,22,17,10,2018-09-15
"907",907,2018,9,"AISP 04 - São Caetano ",12,0,0,2,1,11,29,7,5,2018-09-15
"908",908,2018,9,"AISP 05 - Periperi ",8,0,0,4,4,29,25,5,12,2018-09-15
"909",909,2018,9,"AISP 08 - CIA ",3,0,1,2,0,4,8,0,18,2018-09-15
"910",910,2018,9,"AISP 10 - Pau da Lima ",10,0,0,1,0,6,33,15,3,2018-09-15
"911",911,2018,9,"AISP 11 - Tancredo Neves ",14,0,0,0,2,32,58,19,7,2018-09-15
"912",912,2018,9,"AISP 13 - Cajazeiras ",9,0,0,1,0,6,29,1,2,2018-09-15
"913",913,2018,10,"AISP 06 - Brotas ",1,1,0,1,1,25,22,9,4,2018-10-15
"914",914,2018,10,"AISP 07 - Rio Vermelho ",3,0,0,0,0,4,7,7,12,2018-10-15
"915",915,2018,10,"AISP 09 - Boca do Rio ",1,0,0,0,0,13,48,3,4,2018-10-15
"916",916,2018,10,"AISP 12 - Itapuã ",13,0,0,1,1,21,63,14,8,2018-10-15
"917",917,2018,10,"AISP 14 - Barra ",0,0,0,2,1,3,4,1,4,2018-10-15
"918",918,2018,10,"AISP 15 - Nordeste ",0,0,0,0,0,1,1,0,7,2018-10-15
"919",919,2018,10,"AISP 16 - Pituba ",0,0,0,0,2,19,25,5,8,2018-10-15
"920",920,2018,10,"AISP 01 - Barris ",6,0,0,3,0,4,8,6,20,2018-10-15
"921",921,2018,10,"AISP 02 - Liberdade ",3,1,0,2,2,4,40,5,5,2018-10-15
"922",922,2018,10,"AISP 03 - Bonfim ",3,0,0,2,0,18,23,21,4,2018-10-15
"923",923,2018,10,"AISP 04 - São Caetano ",20,0,1,3,0,20,36,8,10,2018-10-15
"924",924,2018,10,"AISP 05 - Periperi ",14,0,0,3,3,23,35,5,5,2018-10-15
"925",925,2018,10,"AISP 08 - CIA ",2,0,0,2,1,2,10,3,11,2018-10-15
"926",926,2018,10,"AISP 10 - Pau da Lima ",12,1,0,0,0,3,37,13,5,2018-10-15
"927",927,2018,10,"AISP 11 - Tancredo Neves ",10,0,0,5,0,25,67,18,9,2018-10-15
"928",928,2018,10,"AISP 13 - Cajazeiras ",3,1,0,1,2,5,25,5,1,2018-10-15
"929",929,2018,11,"AISP 06 - Brotas ",2,0,0,2,1,16,16,6,3,2018-11-15
"930",930,2018,11,"AISP 07 - Rio Vermelho ",1,0,0,0,0,8,11,2,3,2018-11-15
"931",931,2018,11,"AISP 09 - Boca do Rio ",2,0,0,0,0,6,35,6,10,2018-11-15
"932",932,2018,11,"AISP 12 - Itapuã ",8,0,0,3,1,24,31,22,7,2018-11-15
"933",933,2018,11,"AISP 14 - Barra ",1,0,0,0,0,2,4,4,1,2018-11-15
"934",934,2018,11,"AISP 15 - Nordeste ",1,0,0,0,0,1,1,0,4,2018-11-15
"935",935,2018,11,"AISP 16 - Pituba ",0,0,0,0,0,16,18,1,12,2018-11-15
"936",936,2018,11,"AISP 01 - Barris ",4,0,1,0,1,16,15,5,3,2018-11-15
"937",937,2018,11,"AISP 02 - Liberdade ",5,0,0,3,0,4,35,13,0,2018-11-15
"938",938,2018,11,"AISP 03 - Bonfim ",3,0,0,2,0,21,8,16,8,2018-11-15
"939",939,2018,11,"AISP 04 - São Caetano ",8,0,0,2,0,26,30,7,1,2018-11-15
"940",940,2018,11,"AISP 05 - Periperi ",11,0,0,2,1,18,36,10,2,2018-11-15
"941",941,2018,11,"AISP 08 - CIA ",5,0,0,4,0,1,3,0,10,2018-11-15
"942",942,2018,11,"AISP 10 - Pau da Lima ",11,0,0,1,0,8,26,13,1,2018-11-15
"943",943,2018,11,"AISP 11 - Tancredo Neves ",8,0,0,2,2,17,45,11,13,2018-11-15
"944",944,2018,11,"AISP 13 - Cajazeiras ",10,0,0,2,1,6,24,1,3,2018-11-15
"945",945,2018,12,"AISP 06 - Brotas ",1,0,0,0,0,10,24,14,7,2018-12-15
"946",946,2018,12,"AISP 07 - Rio Vermelho ",2,0,0,1,1,8,9,7,11,2018-12-15
"947",947,2018,12,"AISP 09 - Boca do Rio ",4,0,0,7,2,3,29,5,13,2018-12-15
"948",948,2018,12,"AISP 12 - Itapuã ",12,0,1,1,1,18,31,16,7,2018-12-15
"949",949,2018,12,"AISP 14 - Barra ",0,0,0,0,0,4,1,0,3,2018-12-15
"950",950,2018,12,"AISP 15 - Nordeste ",1,0,0,0,0,4,2,0,5,2018-12-15
"951",951,2018,12,"AISP 16 - Pituba ",0,0,0,1,0,18,16,6,15,2018-12-15
"952",952,2018,12,"AISP 01 - Barris ",1,1,0,1,0,11,13,6,19,2018-12-15
"953",953,2018,12,"AISP 02 - Liberdade ",9,0,0,0,0,5,30,12,4,2018-12-15
"954",954,2018,12,"AISP 03 - Bonfim ",10,0,0,4,0,11,7,10,10,2018-12-15
"955",955,2018,12,"AISP 04 - São Caetano ",9,1,0,1,1,30,24,4,8,2018-12-15
"956",956,2018,12,"AISP 05 - Periperi ",21,0,0,7,2,20,42,6,3,2018-12-15
"957",957,2018,12,"AISP 08 - CIA ",4,0,0,1,0,0,4,4,14,2018-12-15
"958",958,2018,12,"AISP 10 - Pau da Lima ",5,0,0,4,1,4,33,6,1,2018-12-15
"959",959,2018,12,"AISP 11 - Tancredo Neves ",11,0,0,0,1,28,31,14,3,2018-12-15
"960",960,2018,12,"AISP 13 - Cajazeiras ",8,0,0,0,0,5,22,8,1,2018-12-15
"961",961,2019,1,"AISP 06 - Brotas ",1,0,0,0,1,17,21,1,9,2019-01-15
"962",962,2019,1,"AISP 07 - Rio Vermelho ",0,0,0,2,1,7,20,5,13,2019-01-15
"963",963,2019,1,"AISP 09 - Boca do Rio ",5,0,0,3,9,5,54,10,5,2019-01-15
"964",964,2019,1,"AISP 12 - Itapuã ",12,0,0,0,5,17,58,26,19,2019-01-15
"965",965,2019,1,"AISP 14 - Barra ",0,0,0,0,0,2,1,0,1,2019-01-15
"966",966,2019,1,"AISP 15 - Nordeste ",3,0,0,0,0,4,1,1,6,2019-01-15
"967",967,2019,1,"AISP 16 - Pituba ",0,0,0,1,2,13,10,1,16,2019-01-15
"968",968,2019,1,"AISP 01 - Barris ",3,0,0,0,0,17,17,10,24,2019-01-15
"969",969,2019,1,"AISP 02 - Liberdade ",11,0,0,1,3,8,33,18,1,2019-01-15
"970",970,2019,1,"AISP 03 - Bonfim ",2,0,1,1,2,8,20,21,19,2019-01-15
"971",971,2019,1,"AISP 04 - São Caetano ",8,0,0,1,9,22,29,4,3,2019-01-15
"972",972,2019,1,"AISP 05 - Periperi ",16,0,0,13,7,13,19,12,20,2019-01-15
"973",973,2019,1,"AISP 08 - CIA ",3,0,0,1,2,1,3,0,23,2019-01-15
"974",974,2019,1,"AISP 10 - Pau da Lima ",7,0,0,1,4,5,37,6,4,2019-01-15
"975",975,2019,1,"AISP 11 - Tancredo Neves ",10,0,0,0,6,40,39,9,9,2019-01-15
"976",976,2019,1,"AISP 13 - Cajazeiras ",4,0,0,2,1,11,19,4,0,2019-01-15
"977",977,2019,2,"AISP 06 - Brotas ",2,0,0,1,0,6,23,7,12,2019-02-15
"978",978,2019,2,"AISP 07 - Rio Vermelho ",2,0,0,3,0,10,9,3,13,2019-02-15
"979",979,2019,2,"AISP 09 - Boca do Rio ",3,0,1,1,1,1,35,1,2,2019-02-15
"980",980,2019,2,"AISP 12 - Itapuã ",5,0,2,0,9,11,51,11,11,2019-02-15
"981",981,2019,2,"AISP 14 - Barra ",0,0,0,0,1,2,2,3,7,2019-02-15
"982",982,2019,2,"AISP 15 - Nordeste ",1,0,0,1,0,1,2,0,7,2019-02-15
"983",983,2019,2,"AISP 16 - Pituba ",0,0,0,0,1,8,11,1,8,2019-02-15
"984",984,2019,2,"AISP 01 - Barris ",1,0,0,0,1,5,9,7,19,2019-02-15
"985",985,2019,2,"AISP 02 - Liberdade ",4,0,0,0,3,8,25,14,4,2019-02-15
"986",986,2019,2,"AISP 03 - Bonfim ",12,0,0,5,1,12,25,6,4,2019-02-15
"987",987,2019,2,"AISP 04 - São Caetano ",9,0,0,6,1,15,37,8,2,2019-02-15
"988",988,2019,2,"AISP 05 - Periperi ",17,0,0,6,6,11,33,7,10,2019-02-15
"989",989,2019,2,"AISP 08 - CIA ",3,0,0,1,0,1,7,1,9,2019-02-15
"990",990,2019,2,"AISP 10 - Pau da Lima ",5,0,0,0,1,4,31,13,2,2019-02-15
"991",991,2019,2,"AISP 11 - Tancredo Neves ",6,0,1,0,4,25,52,16,8,2019-02-15
"992",992,2019,2,"AISP 13 - Cajazeiras ",1,0,0,1,2,9,27,6,2,2019-02-15
"993",993,2019,3,"AISP 06 - Brotas ",2,1,0,0,1,16,33,4,9,2019-03-15
"994",994,2019,3,"AISP 07 - Rio Vermelho ",0,0,0,1,0,5,9,6,16,2019-03-15
"995",995,2019,3,"AISP 09 - Boca do Rio ",1,0,0,3,2,7,31,2,7,2019-03-15
"996",996,2019,3,"AISP 12 - Itapuã ",7,0,0,2,1,8,51,13,18,2019-03-15
"997",997,2019,3,"AISP 14 - Barra ",0,0,0,0,2,1,2,6,8,2019-03-15
"998",998,2019,3,"AISP 15 - Nordeste ",0,0,0,3,0,6,0,0,7,2019-03-15
"999",999,2019,3,"AISP 16 - Pituba ",1,0,0,0,0,4,12,5,15,2019-03-15
"1000",1000,2019,3,"AISP 01 - Barris ",3,0,0,4,0,10,8,6,25,2019-03-15
"1001",1001,2019,3,"AISP 02 - Liberdade ",5,0,0,1,2,11,42,18,5,2019-03-15
"1002",1002,2019,3,"AISP 03 - Bonfim ",7,0,0,4,4,12,22,9,10,2019-03-15
"1003",1003,2019,3,"AISP 04 - São Caetano ",8,0,0,1,3,16,38,8,3,2019-03-15
"1004",1004,2019,3,"AISP 05 - Periperi ",12,1,0,8,7,20,26,10,15,2019-03-15
"1005",1005,2019,3,"AISP 08 - CIA ",2,0,0,0,1,2,6,0,12,2019-03-15
"1006",1006,2019,3,"AISP 10 - Pau da Lima ",6,0,0,2,2,9,43,10,2,2019-03-15
"1007",1007,2019,3,"AISP 11 - Tancredo Neves ",17,0,0,1,5,33,54,16,15,2019-03-15
"1008",1008,2019,3,"AISP 13 - Cajazeiras ",10,1,0,6,3,6,25,8,2,2019-03-15
"1009",1009,2019,4,"AISP 06 - Brotas ",6,0,0,9,1,5,30,9,11,2019-04-15
"1010",1010,2019,4,"AISP 07 - Rio Vermelho ",0,0,0,2,0,4,12,4,24,2019-04-15
"1011",1011,2019,4,"AISP 09 - Boca do Rio ",4,0,0,2,2,4,33,7,7,2019-04-15
"1012",1012,2019,4,"AISP 12 - Itapuã ",8,0,0,2,7,7,68,17,13,2019-04-15
"1013",1013,2019,4,"AISP 14 - Barra ",1,0,0,0,0,2,1,0,10,2019-04-15
"1014",1014,2019,4,"AISP 15 - Nordeste ",1,0,0,2,0,6,1,1,5,2019-04-15
"1015",1015,2019,4,"AISP 16 - Pituba ",0,0,0,1,1,11,9,4,24,2019-04-15
"1016",1016,2019,4,"AISP 01 - Barris ",4,0,0,1,3,2,16,7,27,2019-04-15
"1017",1017,2019,4,"AISP 02 - Liberdade ",10,0,0,6,1,10,17,30,4,2019-04-15
"1018",1018,2019,4,"AISP 03 - Bonfim ",9,0,0,7,1,14,17,6,16,2019-04-15
"1019",1019,2019,4,"AISP 04 - São Caetano ",12,1,0,1,4,14,45,9,2,2019-04-15
"1020",1020,2019,4,"AISP 05 - Periperi ",12,0,0,9,7,19,30,5,5,2019-04-15
"1021",1021,2019,4,"AISP 08 - CIA ",1,0,0,1,2,1,9,0,11,2019-04-15
"1022",1022,2019,4,"AISP 10 - Pau da Lima ",3,0,0,0,2,3,34,5,1,2019-04-15
"1023",1023,2019,4,"AISP 11 - Tancredo Neves ",16,1,0,1,7,38,52,21,15,2019-04-15
"1024",1024,2019,4,"AISP 13 - Cajazeiras ",5,0,0,3,2,10,24,0,4,2019-04-15
"1025",1025,2019,5,"AISP 06 - Brotas ",3,0,0,1,1,5,34,8,14,2019-05-15
"1026",1026,2019,5,"AISP 07 - Rio Vermelho ",1,0,0,1,0,7,16,7,15,2019-05-15
"1027",1027,2019,5,"AISP 09 - Boca do Rio ",2,0,0,0,1,2,38,3,10,2019-05-15
"1028",1028,2019,5,"AISP 12 - Itapuã ",6,0,0,0,3,18,71,7,13,2019-05-15
"1029",1029,2019,5,"AISP 14 - Barra ",0,0,1,0,0,0,4,0,2,2019-05-15
"1030",1030,2019,5,"AISP 15 - Nordeste ",0,0,0,1,2,8,1,0,8,2019-05-15
"1031",1031,2019,5,"AISP 16 - Pituba ",0,1,0,0,0,8,15,2,14,2019-05-15
"1032",1032,2019,5,"AISP 01 - Barris ",3,0,0,1,1,1,17,3,19,2019-05-15
"1033",1033,2019,5,"AISP 02 - Liberdade ",3,0,0,2,2,5,26,9,4,2019-05-15
"1034",1034,2019,5,"AISP 03 - Bonfim ",12,0,0,7,2,21,12,7,12,2019-05-15
"1035",1035,2019,5,"AISP 04 - São Caetano ",12,0,1,3,2,23,55,7,8,2019-05-15
"1036",1036,2019,5,"AISP 05 - Periperi ",18,1,0,6,7,13,35,6,6,2019-05-15
"1037",1037,2019,5,"AISP 08 - CIA ",2,0,0,1,1,1,10,5,8,2019-05-15
"1038",1038,2019,5,"AISP 10 - Pau da Lima ",10,0,0,2,0,7,52,6,0,2019-05-15
"1039",1039,2019,5,"AISP 11 - Tancredo Neves ",12,0,1,1,7,36,66,12,27,2019-05-15
"1040",1040,2019,5,"AISP 13 - Cajazeiras ",2,0,0,1,4,9,42,6,3,2019-05-15
"1041",1041,2019,6,"AISP 06 - Brotas ",2,0,0,1,1,17,24,10,4,2019-06-15
"1042",1042,2019,6,"AISP 07 - Rio Vermelho ",2,0,0,1,0,6,7,2,6,2019-06-15
"1043",1043,2019,6,"AISP 09 - Boca do Rio ",4,0,0,0,1,2,41,4,2,2019-06-15
"1044",1044,2019,6,"AISP 12 - Itapuã ",7,0,0,2,1,15,38,9,5,2019-06-15
"1045",1045,2019,6,"AISP 14 - Barra ",0,0,0,0,2,0,10,3,0,2019-06-15
"1046",1046,2019,6,"AISP 15 - Nordeste ",0,0,0,0,0,9,0,2,15,2019-06-15
"1047",1047,2019,6,"AISP 16 - Pituba ",0,0,0,0,0,5,10,4,21,2019-06-15
"1048",1048,2019,6,"AISP 01 - Barris ",3,0,0,1,1,8,14,3,8,2019-06-15
"1049",1049,2019,6,"AISP 02 - Liberdade ",4,0,1,2,0,12,23,10,5,2019-06-15
"1050",1050,2019,6,"AISP 03 - Bonfim ",6,0,0,0,0,16,11,11,8,2019-06-15
"1051",1051,2019,6,"AISP 04 - São Caetano ",5,0,0,0,3,33,30,8,4,2019-06-15
"1052",1052,2019,6,"AISP 05 - Periperi ",12,0,0,9,1,16,22,1,6,2019-06-15
"1053",1053,2019,6,"AISP 08 - CIA ",1,0,0,0,0,2,8,2,8,2019-06-15
"1054",1054,2019,6,"AISP 10 - Pau da Lima ",8,0,0,0,0,5,45,4,4,2019-06-15
"1055",1055,2019,6,"AISP 11 - Tancredo Neves ",9,0,0,0,3,26,55,17,12,2019-06-15
"1056",1056,2019,6,"AISP 13 - Cajazeiras ",5,0,0,0,0,16,27,5,1,2019-06-15
"1057",1057,2019,7,"AISP 06 - Brotas ",1,0,0,0,3,6,33,19,6,2019-07-15
"1058",1058,2019,7,"AISP 07 - Rio Vermelho ",1,0,0,1,2,2,14,9,9,2019-07-15
"1059",1059,2019,7,"AISP 09 - Boca do Rio ",2,0,0,0,1,1,37,6,6,2019-07-15
"1060",1060,2019,7,"AISP 12 - Itapuã ",8,0,0,4,1,16,45,14,5,2019-07-15
"1061",1061,2019,7,"AISP 14 - Barra ",0,0,0,0,0,0,3,0,2,2019-07-15
"1062",1062,2019,7,"AISP 15 - Nordeste ",4,0,0,0,0,1,1,0,8,2019-07-15
"1063",1063,2019,7,"AISP 16 - Pituba ",0,0,0,0,1,7,12,3,11,2019-07-15
"1064",1064,2019,7,"AISP 01 - Barris ",5,0,0,2,0,4,10,5,13,2019-07-15
"1065",1065,2019,7,"AISP 02 - Liberdade ",5,0,0,0,1,4,30,14,3,2019-07-15
"1066",1066,2019,7,"AISP 03 - Bonfim ",2,0,0,0,0,15,16,11,10,2019-07-15
"1067",1067,2019,7,"AISP 04 - São Caetano ",7,0,0,1,2,26,55,9,1,2019-07-15
"1068",1068,2019,7,"AISP 05 - Periperi ",16,0,0,4,3,12,32,7,1,2019-07-15
"1069",1069,2019,7,"AISP 08 - CIA ",2,0,0,0,0,0,16,1,7,2019-07-15
"1070",1070,2019,7,"AISP 10 - Pau da Lima ",3,0,0,2,1,4,39,13,2,2019-07-15
"1071",1071,2019,7,"AISP 11 - Tancredo Neves ",5,0,0,2,2,28,61,16,13,2019-07-15
"1072",1072,2019,7,"AISP 13 - Cajazeiras ",13,0,1,3,2,12,31,6,4,2019-07-15
"1073",1073,2019,8,"AISP 06 - Brotas ",2,1,0,1,0,7,22,12,14,2019-08-15
"1074",1074,2019,8,"AISP 07 - Rio Vermelho ",1,0,0,0,0,2,4,5,15,2019-08-15
"1075",1075,2019,8,"AISP 09 - Boca do Rio ",1,1,0,0,0,1,33,5,1,2019-08-15
"1076",1076,2019,8,"AISP 12 - Itapuã ",8,0,1,1,4,9,60,13,9,2019-08-15
"1077",1077,2019,8,"AISP 14 - Barra ",0,0,0,0,0,6,2,1,3,2019-08-15
"1078",1078,2019,8,"AISP 15 - Nordeste ",2,0,0,2,0,0,1,0,14,2019-08-15
"1079",1079,2019,8,"AISP 16 - Pituba ",0,0,0,2,1,5,11,3,18,2019-08-15
"1080",1080,2019,8,"AISP 01 - Barris ",4,0,0,2,4,12,7,9,13,2019-08-15
"1081",1081,2019,8,"AISP 02 - Liberdade ",6,0,0,1,1,10,23,10,4,2019-08-15
"1082",1082,2019,8,"AISP 03 - Bonfim ",5,0,0,4,1,12,30,5,6,2019-08-15
"1083",1083,2019,8,"AISP 04 - São Caetano ",14,0,0,2,1,32,34,3,3,2019-08-15
"1084",1084,2019,8,"AISP 05 - Periperi ",12,0,1,10,6,26,27,4,12,2019-08-15
"1085",1085,2019,8,"AISP 08 - CIA ",1,0,0,1,2,1,6,0,12,2019-08-15
"1086",1086,2019,8,"AISP 10 - Pau da Lima ",3,0,0,0,2,3,36,6,1,2019-08-15
"1087",1087,2019,8,"AISP 11 - Tancredo Neves ",12,0,0,0,7,31,56,16,18,2019-08-15
"1088",1088,2019,8,"AISP 13 - Cajazeiras ",5,0,1,1,2,4,22,1,5,2019-08-15
"1089",1089,2019,9,"AISP 06 - Brotas ",4,0,0,0,0,8,31,9,5,2019-09-15
"1090",1090,2019,9,"AISP 07 - Rio Vermelho ",1,0,0,3,0,2,15,2,17,2019-09-15
"1091",1091,2019,9,"AISP 09 - Boca do Rio ",1,0,0,0,1,1,29,6,2,2019-09-15
"1092",1092,2019,9,"AISP 12 - Itapuã ",4,0,0,1,3,12,53,15,8,2019-09-15
"1093",1093,2019,9,"AISP 14 - Barra ",0,0,0,0,0,0,6,1,3,2019-09-15
"1094",1094,2019,9,"AISP 15 - Nordeste ",0,0,0,1,0,1,1,0,2,2019-09-15
"1095",1095,2019,9,"AISP 16 - Pituba ",0,0,0,0,0,16,6,2,12,2019-09-15
"1096",1096,2019,9,"AISP 01 - Barris ",4,0,0,4,0,4,12,4,26,2019-09-15
"1097",1097,2019,9,"AISP 02 - Liberdade ",1,0,0,0,4,6,22,4,7,2019-09-15
"1098",1098,2019,9,"AISP 03 - Bonfim ",6,0,0,0,1,9,23,6,11,2019-09-15
"1099",1099,2019,9,"AISP 04 - São Caetano ",9,0,0,0,2,17,29,8,3,2019-09-15
"1100",1100,2019,9,"AISP 05 - Periperi ",17,0,0,5,2,13,17,6,22,2019-09-15
"1101",1101,2019,9,"AISP 08 - CIA ",0,0,0,0,1,1,6,0,9,2019-09-15
"1102",1102,2019,9,"AISP 10 - Pau da Lima ",11,0,0,1,0,1,34,3,3,2019-09-15
"1103",1103,2019,9,"AISP 11 - Tancredo Neves ",11,0,0,1,3,19,44,17,26,2019-09-15
"1104",1104,2019,9,"AISP 13 - Cajazeiras ",7,0,0,1,1,7,27,1,8,2019-09-15
"1105",1105,2019,10,"AISP 06 - Brotas ",7,0,1,4,1,8,34,7,5,2019-10-15
"1106",1106,2019,10,"AISP 07 - Rio Vermelho ",5,0,1,1,0,7,18,2,8,2019-10-15
"1107",1107,2019,10,"AISP 09 - Boca do Rio ",4,0,0,1,1,4,53,5,0,2019-10-15
"1108",1108,2019,10,"AISP 12 - Itapuã ",13,0,0,1,1,10,53,13,5,2019-10-15
"1109",1109,2019,10,"AISP 14 - Barra ",0,0,0,0,1,1,4,0,1,2019-10-15
"1110",1110,2019,10,"AISP 15 - Nordeste ",1,0,0,0,2,0,3,2,2,2019-10-15
"1111",1111,2019,10,"AISP 16 - Pituba ",0,0,0,1,0,6,9,0,4,2019-10-15
"1112",1112,2019,10,"AISP 01 - Barris ",2,0,0,3,0,6,13,5,8,2019-10-15
"1113",1113,2019,10,"AISP 02 - Liberdade ",9,1,0,4,0,9,29,2,2,2019-10-15
"1114",1114,2019,10,"AISP 03 - Bonfim ",7,0,0,0,5,19,27,4,12,2019-10-15
"1115",1115,2019,10,"AISP 04 - São Caetano ",11,0,0,0,0,35,60,4,0,2019-10-15
"1116",1116,2019,10,"AISP 05 - Periperi ",22,0,0,4,2,19,42,5,1,2019-10-15
"1117",1117,2019,10,"AISP 08 - CIA ",2,0,0,0,0,4,12,0,5,2019-10-15
"1118",1118,2019,10,"AISP 10 - Pau da Lima ",18,0,0,4,1,5,50,13,1,2019-10-15
"1119",1119,2019,10,"AISP 11 - Tancredo Neves ",9,0,0,1,5,34,60,9,20,2019-10-15
"1120",1120,2019,10,"AISP 13 - Cajazeiras ",5,0,0,6,2,10,27,1,0,2019-10-15
"1121",1121,2019,11,"AISP 06 - Brotas ",0,0,0,3,1,7,37,6,2,2019-11-15
"1122",1122,2019,11,"AISP 07 - Rio Vermelho ",3,0,0,0,0,10,13,4,2,2019-11-15
"1123",1123,2019,11,"AISP 09 - Boca do Rio ",0,0,0,0,0,9,46,6,0,2019-11-15
"1124",1124,2019,11,"AISP 12 - Itapuã ",8,0,0,1,4,14,64,25,6,2019-11-15
"1125",1125,2019,11,"AISP 14 - Barra ",0,0,0,0,0,2,7,0,1,2019-11-15
"1126",1126,2019,11,"AISP 15 - Nordeste ",1,0,0,1,0,4,0,0,2,2019-11-15
"1127",1127,2019,11,"AISP 16 - Pituba ",0,0,0,0,0,14,12,4,3,2019-11-15
"1128",1128,2019,11,"AISP 01 - Barris ",0,0,0,3,3,7,15,5,14,2019-11-15
"1129",1129,2019,11,"AISP 02 - Liberdade ",6,0,0,2,0,7,22,5,7,2019-11-15
"1130",1130,2019,11,"AISP 03 - Bonfim ",4,0,0,1,3,21,27,6,14,2019-11-15
"1131",1131,2019,11,"AISP 04 - São Caetano ",5,0,0,3,1,16,40,3,3,2019-11-15
"1132",1132,2019,11,"AISP 05 - Periperi ",16,0,0,1,2,28,31,3,2,2019-11-15
"1133",1133,2019,11,"AISP 08 - CIA ",2,1,0,1,2,2,5,0,0,2019-11-15
"1134",1134,2019,11,"AISP 10 - Pau da Lima ",3,0,0,1,2,7,47,4,0,2019-11-15
"1135",1135,2019,11,"AISP 11 - Tancredo Neves ",18,0,2,3,4,38,63,14,11,2019-11-15
"1136",1136,2019,11,"AISP 13 - Cajazeiras ",5,0,0,1,1,8,25,5,1,2019-11-15
"1137",1137,2019,12,"AISP 06 - Brotas ",6,0,0,0,0,11,11,4,2,2019-12-15
"1138",1138,2019,12,"AISP 07 - Rio Vermelho ",1,0,0,0,1,4,21,3,3,2019-12-15
"1139",1139,2019,12,"AISP 09 - Boca do Rio ",1,0,0,0,1,4,36,6,0,2019-12-15
"1140",1140,2019,12,"AISP 12 - Itapuã ",12,0,0,2,1,16,61,24,7,2019-12-15
"1141",1141,2019,12,"AISP 14 - Barra ",0,0,1,0,0,0,9,0,2,2019-12-15
"1142",1142,2019,12,"AISP 15 - Nordeste ",3,1,0,0,0,5,2,0,1,2019-12-15
"1143",1143,2019,12,"AISP 16 - Pituba ",1,0,0,0,2,15,8,2,4,2019-12-15
"1144",1144,2019,12,"AISP 01 - Barris ",2,0,0,2,2,8,17,2,9,2019-12-15
"1145",1145,2019,12,"AISP 02 - Liberdade ",5,1,0,1,0,4,25,6,6,2019-12-15
"1146",1146,2019,12,"AISP 03 - Bonfim ",4,0,0,4,2,15,16,7,12,2019-12-15
"1147",1147,2019,12,"AISP 04 - São Caetano ",15,0,0,0,0,23,49,8,0,2019-12-15
"1148",1148,2019,12,"AISP 05 - Periperi ",16,0,0,3,3,30,27,4,7,2019-12-15
"1149",1149,2019,12,"AISP 08 - CIA ",2,0,0,0,1,6,5,0,0,2019-12-15
"1150",1150,2019,12,"AISP 10 - Pau da Lima ",7,0,0,1,0,7,41,10,4,2019-12-15
"1151",1151,2019,12,"AISP 11 - Tancredo Neves ",14,0,0,4,5,44,37,12,8,2019-12-15
"1152",1152,2019,12,"AISP 13 - Cajazeiras ",3,0,0,2,1,14,28,4,1,2019-12-15
"1153",1153,2020,1,"AISP 06 - Brotas ",2,0,0,0,3,5,31,5,1,2020-01-15
"1154",1154,2020,1,"AISP 07 - Rio Vermelho ",1,0,0,0,2,3,12,3,9,2020-01-15
"1155",1155,2020,1,"AISP 09 - Boca do Rio ",1,0,0,0,1,13,32,2,0,2020-01-15
"1156",1156,2020,1,"AISP 12 - Itapuã ",5,0,0,3,9,10,62,14,1,2020-01-15
"1157",1157,2020,1,"AISP 14 - Barra ",0,0,0,0,0,1,5,1,1,2020-01-15
"1158",1158,2020,1,"AISP 15 - Nordeste ",1,0,0,1,1,4,2,0,0,2020-01-15
"1159",1159,2020,1,"AISP 16 - Pituba ",0,0,0,0,2,13,9,1,6,2020-01-15
"1160",1160,2020,1,"AISP 01 - Barris ",0,0,0,0,0,0,0,0,0,2020-01-15
"1161",1161,2020,1,"AISP 02 - Liberdade ",0,0,0,0,0,0,0,0,0,2020-01-15
"1162",1162,2020,1,"AISP 03 - Bonfim ",0,0,0,0,0,0,0,0,0,2020-01-15
"1163",1163,2020,1,"AISP 04 - São Caetano ",0,0,0,0,0,0,0,0,0,2020-01-15
"1164",1164,2020,1,"AISP 05 - Periperi ",0,0,0,0,0,0,0,0,0,2020-01-15
"1165",1165,2020,1,"AISP 08 - CIA ",0,0,0,0,0,0,0,0,0,2020-01-15
"1166",1166,2020,1,"AISP 10 - Pau da Lima ",0,0,0,0,0,0,0,0,0,2020-01-15
"1167",1167,2020,1,"AISP 11 - Tancredo Neves ",0,0,0,0,0,0,0,0,0,2020-01-15
"1168",1168,2020,1,"AISP 13 - Cajazeiras ",0,0,0,0,0,0,0,0,0,2020-01-15
"1169",1169,2020,2,"AISP 06 - Brotas ",5,0,0,1,2,19,25,1,6,2020-02-15
"1170",1170,2020,2,"AISP 07 - Rio Vermelho ",0,0,0,0,3,1,8,7,5,2020-02-15
"1171",1171,2020,2,"AISP 09 - Boca do Rio ",4,0,0,0,0,6,26,7,0,2020-02-15
"1172",1172,2020,2,"AISP 12 - Itapuã ",12,0,1,0,11,16,80,16,3,2020-02-15
"1173",1173,2020,2,"AISP 14 - Barra ",0,0,0,0,1,0,5,1,0,2020-02-15
"1174",1174,2020,2,"AISP 15 - Nordeste ",2,0,0,0,1,8,3,1,0,2020-02-15
"1175",1175,2020,2,"AISP 16 - Pituba ",0,0,0,0,2,8,16,1,6,2020-02-15
"1176",1176,2020,2,"AISP 01 - Barris ",0,0,0,0,0,0,0,0,0,2020-02-15
"1177",1177,2020,2,"AISP 02 - Liberdade ",0,0,0,0,0,0,0,0,0,2020-02-15
"1178",1178,2020,2,"AISP 03 - Bonfim ",0,0,0,0,0,0,0,0,0,2020-02-15
"1179",1179,2020,2,"AISP 04 - São Caetano ",0,0,0,0,0,0,0,0,0,2020-02-15
"1180",1180,2020,2,"AISP 05 - Periperi ",0,0,0,0,0,0,0,0,0,2020-02-15
"1181",1181,2020,2,"AISP 08 - CIA ",0,0,0,0,0,0,0,0,0,2020-02-15
"1182",1182,2020,2,"AISP 10 - Pau da Lima ",0,0,0,0,0,0,0,0,0,2020-02-15
"1183",1183,2020,2,"AISP 11 - Tancredo Neves ",0,0,0,0,0,0,0,0,0,2020-02-15
"1184",1184,2020,2,"AISP 13 - Cajazeiras ",0,0,0,0,0,0,0,0,0,2020-02-15
"1185",1185,2020,3,"AISP 06 - Brotas ",1,0,0,3,3,12,36,5,6,2020-03-15
"1186",1186,2020,3,"AISP 07 - Rio Vermelho ",2,0,0,0,1,3,26,3,2,2020-03-15
"1187",1187,2020,3,"AISP 09 - Boca do Rio ",3,0,0,1,0,7,35,2,0,2020-03-15
"1188",1188,2020,3,"AISP 12 - Itapuã ",9,0,0,6,4,5,78,4,5,2020-03-15
"1189",1189,2020,3,"AISP 14 - Barra ",0,0,0,0,1,1,5,2,0,2020-03-15
"1190",1190,2020,3,"AISP 15 - Nordeste ",1,0,0,0,2,1,3,0,2,2020-03-15
"1191",1191,2020,3,"AISP 16 - Pituba ",0,0,0,0,0,7,21,0,0,2020-03-15
"1192",1192,2020,3,"AISP 01 - Barris ",0,0,0,0,0,0,0,0,0,2020-03-15
"1193",1193,2020,3,"AISP 02 - Liberdade ",0,0,0,0,0,0,0,0,0,2020-03-15
"1194",1194,2020,3,"AISP 03 - Bonfim ",0,0,0,0,0,0,0,0,0,2020-03-15
"1195",1195,2020,3,"AISP 04 - São Caetano ",0,0,0,0,0,0,0,0,0,2020-03-15
"1196",1196,2020,3,"AISP 05 - Periperi ",0,0,0,0,0,0,0,0,0,2020-03-15
"1197",1197,2020,3,"AISP 08 - CIA ",0,0,0,0,0,0,0,0,0,2020-03-15
"1198",1198,2020,3,"AISP 10 - Pau da Lima ",0,0,0,0,0,0,0,0,0,2020-03-15
"1199",1199,2020,3,"AISP 11 - Tancredo Neves ",0,0,0,0,0,0,0,0,0,2020-03-15
"1200",1200,2020,3,"AISP 13 - Cajazeiras ",0,0,0,0,0,0,0,0,0,2020-03-15
"1201",1201,2020,4,"AISP 06 - Brotas ",6,0,1,2,2,7,20,6,6,2020-04-15
"1202",1202,2020,4,"AISP 07 - Rio Vermelho ",1,0,0,0,1,4,10,0,3,2020-04-15
"1203",1203,2020,4,"AISP 09 - Boca do Rio ",8,0,0,1,2,2,32,5,1,2020-04-15
"1204",1204,2020,4,"AISP 12 - Itapuã ",9,1,0,0,1,2,50,5,1,2020-04-15
"1205",1205,2020,4,"AISP 14 - Barra ",0,0,0,0,0,1,5,0,0,2020-04-15
"1206",1206,2020,4,"AISP 15 - Nordeste ",3,0,0,0,0,1,3,0,0,2020-04-15
"1207",1207,2020,4,"AISP 16 - Pituba ",0,0,0,0,0,9,16,1,3,2020-04-15
"1208",1208,2020,4,"AISP 01 - Barris ",0,0,0,0,0,0,0,0,0,2020-04-15
"1209",1209,2020,4,"AISP 02 - Liberdade ",0,0,0,0,0,0,0,0,0,2020-04-15
"1210",1210,2020,4,"AISP 03 - Bonfim ",0,0,0,0,0,0,0,0,0,2020-04-15
"1211",1211,2020,4,"AISP 04 - São Caetano ",0,0,0,0,0,0,0,0,0,2020-04-15
"1212",1212,2020,4,"AISP 05 - Periperi ",0,0,0,0,0,0,0,0,0,2020-04-15
"1213",1213,2020,4,"AISP 08 - CIA ",0,0,0,0,0,0,0,0,0,2020-04-15
"1214",1214,2020,4,"AISP 10 - Pau da Lima ",0,0,0,0,0,0,0,0,0,2020-04-15
"1215",1215,2020,4,"AISP 11 - Tancredo Neves ",0,0,0,0,0,0,0,0,0,2020-04-15
"1216",1216,2020,4,"AISP 13 - Cajazeiras ",0,0,0,0,0,0,0,0,0,2020-04-15
"1217",1217,2020,5,"AISP 06 - Brotas ",4,0,0,0,1,4,19,6,1,2020-05-15
"1218",1218,2020,5,"AISP 07 - Rio Vermelho ",1,0,0,2,0,2,7,0,7,2020-05-15
"1219",1219,2020,5,"AISP 09 - Boca do Rio ",1,0,0,0,1,0,31,2,1,2020-05-15
"1220",1220,2020,5,"AISP 12 - Itapuã ",14,0,0,3,2,7,45,1,0,2020-05-15
"1221",1221,2020,5,"AISP 14 - Barra ",0,0,0,0,0,0,6,0,2,2020-05-15
"1222",1222,2020,5,"AISP 15 - Nordeste ",0,0,0,0,0,2,1,0,0,2020-05-15
"1223",1223,2020,5,"AISP 16 - Pituba ",0,0,0,0,1,9,8,1,6,2020-05-15
"1224",1224,2020,5,"AISP 01 - Barris ",0,0,0,0,0,0,0,0,0,2020-05-15
"1225",1225,2020,5,"AISP 02 - Liberdade ",0,0,0,0,0,0,0,0,0,2020-05-15
"1226",1226,2020,5,"AISP 03 - Bonfim ",0,0,0,0,0,0,0,0,0,2020-05-15
"1227",1227,2020,5,"AISP 04 - São Caetano ",0,0,0,0,0,0,0,0,0,2020-05-15
"1228",1228,2020,5,"AISP 05 - Periperi ",0,0,0,0,0,0,0,0,0,2020-05-15
"1229",1229,2020,5,"AISP 08 - CIA ",0,0,0,0,0,0,0,0,0,2020-05-15
"1230",1230,2020,5,"AISP 10 - Pau da Lima ",0,0,0,0,0,0,0,0,0,2020-05-15
"1231",1231,2020,5,"AISP 11 - Tancredo Neves ",0,0,0,0,0,0,0,0,0,2020-05-15
"1232",1232,2020,5,"AISP 13 - Cajazeiras ",0,0,0,0,0,0,0,0,0,2020-05-15
"1233",1233,2020,6,"AISP 06 - Brotas ",1,0,0,0,1,11,16,11,1,2020-06-15
"1234",1234,2020,6,"AISP 07 - Rio Vermelho ",2,0,0,0,0,0,4,3,6,2020-06-15
"1235",1235,2020,6,"AISP 09 - Boca do Rio ",0,1,0,0,2,4,14,0,0,2020-06-15
"1236",1236,2020,6,"AISP 12 - Itapuã ",10,0,0,0,0,8,35,7,0,2020-06-15
"1237",1237,2020,6,"AISP 14 - Barra ",0,0,0,0,1,0,2,0,2,2020-06-15
"1238",1238,2020,6,"AISP 15 - Nordeste ",1,0,0,0,0,1,0,1,1,2020-06-15
"1239",1239,2020,6,"AISP 16 - Pituba ",0,0,0,0,0,4,16,2,6,2020-06-15
"1240",1240,2020,6,"AISP 01 - Barris ",0,0,0,0,0,0,0,0,0,2020-06-15
"1241",1241,2020,6,"AISP 02 - Liberdade ",0,0,0,0,0,0,0,0,0,2020-06-15
"1242",1242,2020,6,"AISP 03 - Bonfim ",0,0,0,0,0,0,0,0,0,2020-06-15
"1243",1243,2020,6,"AISP 04 - São Caetano ",0,0,0,0,0,0,0,0,0,2020-06-15
"1244",1244,2020,6,"AISP 05 - Periperi ",0,0,0,0,0,0,0,0,0,2020-06-15
"1245",1245,2020,6,"AISP 08 - CIA ",0,0,0,0,0,0,0,0,0,2020-06-15
"1246",1246,2020,6,"AISP 10 - Pau da Lima ",0,0,0,0,0,0,0,0,0,2020-06-15
"1247",1247,2020,6,"AISP 11 - Tancredo Neves ",0,0,0,0,0,0,0,0,0,2020-06-15
"1248",1248,2020,6,"AISP 13 - Cajazeiras ",0,0,0,0,0,0,0,0,0,2020-06-15
